Workbook

Sheet product_list
A1: MA_Number | B1: Product_Name | C1: alt_name | D1: type_code | E1: Description | F1: Is_Assembly | G1: parent_ma | H1: Part_Number | I1: Part_Qty | J1: Part_Length | K1: Part_Width | L1: Part_Height | M1: color_code | N1: material_code | O1: process_cut | P1: process_mill | Q1: group_processing | R1: dimension_x_g | S1: dimension_y_g | T1: dimension_z_g | U1: qty_per_group | V1: is_3d_part | W1: Assembly_Order | X1: batch_id | Y1: qty | Z1: price_offer_num | AA1: qty_per_board | AB1: jb_qty | AC1: vlookup_name | AD1: vlookup_qty | AE1: path
A2: 10.21.80758A | B2: 7075231830 | C2: X1PO2395 | D2: CH | F2: FALSE | I2: 1 | J2: 90 | K2: 90 | L2: 65 | M2: BK | N2: POM | O2: TRUE | Y2: =IFERROR(AB2*AA2,0) -> 0 | AA2: =AD2 | AB2: 28 | AC2: =IFERROR(VLOOKUP(B2,vlookup!$A$16:$A$150,1,FALSE),"") | AD2: =IFERROR(VLOOKUP(B2,vlookup!$A$16:$G$150,11,FALSE),"")
A3: 10.21.72966C | B3: 7075231930 | C3: 7035964930, X1PO2518, X1PP5823 | D3: CH | F3: FALSE | I3: 1 | J3: 83 | K3: 57 | L3: 77 | M3: BK | N3: POM | O3: TRUE | X3: 19 | Y3: =IFERROR(AB3*AA3,0) -> 0 | Z3: I10130 | AA3: =AD3 | AB3: 28 | AC3: =IFERROR(VLOOKUP(B3,vlookup!$A$16:$A$150,1,FALSE),"") -> 7075231930 | AD3: =IFERROR(VLOOKUP(B3,vlookup!$A$16:$G$150,11,FALSE),"")
A4: 10.21.72968A | B4: 7075236930 | C4: X1PO2363 | D4: CH | F4: FALSE | I4: 1 | J4: 60 | K4: 43 | L4: 65 | M4: BK | N4: POM | O4: TRUE | Y4: =IFERROR(AB4*AA4,0) -> 0 | AA4: =AD4 | AB4: 28 | AC4: =IFERROR(VLOOKUP(B4,vlookup!$A$16:$A$150,1,FALSE),"") | AD4: =IFERROR(VLOOKUP(B4,vlookup!$A$16:$G$150,11,FALSE),"")
A5: 10.21.83798A | B5: 7075244730 | D5: CH | F5: FALSE | I5: 1 | J5: 60 | K5: 37 | L5: 60 | M5: BK | N5: POM | O5: TRUE | Y5: =IFERROR(AB5*AA5,0) -> 0 | AA5: =AD5 | AB5: 28 | AC5: =IFERROR(VLOOKUP(B5,vlookup!$A$16:$A$150,1,FALSE),"") -> 7075244730 | AD5: =IFERROR(VLOOKUP(B5,vlookup!$A$16:$G$150,11,FALSE),"")
A6: 10.21.35131A | B6: 71186354 | D6: CH | F6: FALSE | I6: 1 | J6: 48 | K6: 43 | L6: 51 | M6: WH | N6: POM | O6: TRUE | X6: 19 | Y6: =IFERROR(AB6*AA6,0) -> 0 | Z6: I10130 | AA6: =AD6 | AB6: 28 | AC6: =IFERROR(VLOOKUP(B6,vlookup!$A$16:$A$150,1,FALSE),"") -> 71186354 | AD6: =IFERROR(VLOOKUP(B6,vlookup!$A$16:$G$150,11,FALSE),"")
A7: 10.21.35334A | B7: 7118641830+7173344320 | D7: CH | F7: FALSE | I7: 1 | J7: 64 | K7: 50 | L7: 75 | M7: BK | N7: POM | O7: TRUE | Y7: =IFERROR(AB7*AA7,0) -> 0 | AA7: =AD7 | AB7: 28 | AC7: =IFERROR(VLOOKUP(B7,vlookup!$A$16:$A$150,1,FALSE),"") -> 7118641830+7173344320 | AD7: =IFERROR(VLOOKUP(B7,vlookup!$A$16:$G$150,11,FALSE),"")
A8: 10.21.89505A | B8: 71186683+7173344320 | D8: CH | F8: FALSE | I8: 1 | J8: 73 | K8: 74 | L8: 65 | M8: WH | N8: POM | O8: TRUE | Y8: =IFERROR(AB8*AA8,0) -> 0 | AA8: =AD8 | AB8: 28 | AC8: =IFERROR(VLOOKUP(B8,vlookup!$A$16:$A$150,1,FALSE),"") -> 71186683+7173344320 | AD8: =IFERROR(VLOOKUP(B8,vlookup!$A$16:$G$150,11,FALSE),"")
A9: 10.21.77121A | B9: 7118670020 | D9: CH | F9: FALSE | I9: 1 | J9: 50 | K9: 47 | L9: 51 | M9: RD | N9: POM | O9: TRUE | X9: 19 | Y9: =IFERROR(AB9*AA9,0) -> 0 | Z9: I10130 | AA9: =AD9 | AB9: 28 | AC9: =IFERROR(VLOOKUP(B9,vlookup!$A$16:$A$150,1,FALSE),"") -> 7118670020 | AD9: =IFERROR(VLOOKUP(B9,vlookup!$A$16:$G$150,11,FALSE),"")
A10: 10.21.27914A | B10: 7119101830+7274131020 | D10: CH | F10: FALSE | I10: 1 | J10: 56 | K10: 48 | L10: 50 | M10: RD | N10: POM | O10: TRUE | Y10: =IFERROR(AB10*AA10,0) -> 0 | AA10: =AD10 | AB10: 28 | AC10: =IFERROR(VLOOKUP(B10,vlookup!$A$16:$A$150,1,FALSE),"") -> 7119101830+7274131020 | AD10: =IFERROR(VLOOKUP(B10,vlookup!$A$16:$G$150,11,FALSE),"")
A11: 10.21.36860F | B11: 7119127830+7234894130A | D11: CH | F11: FALSE | I11: 1 | J11: 57 | K11: 48 | L11: 50 | M11: BK | N11: POM | O11: TRUE | V11: TRUE | Y11: =IFERROR(AB11*AA11,0) -> 0 | AA11: =AD11 | AB11: 28 | AC11: =IFERROR(VLOOKUP(B11,vlookup!$A$16:$A$150,1,FALSE),"") -> 7119127830+7234894130A | AD11: =IFERROR(VLOOKUP(B11,vlookup!$A$16:$G$150,11,FALSE),"")
A12: 10.21.54168C | B12: 7119131530 | D12: CH | F12: FALSE | I12: 1 | J12: 42 | K12: 34 | L12: 42 | M12: BK | N12: POM | O12: TRUE | X12: 19 | Y12: =IFERROR(AB12*AA12,0) -> 0 | Z12: I10130 | AA12: =AD12 | AB12: 28 | AC12: =IFERROR(VLOOKUP(B12,vlookup!$A$16:$A$150,1,FALSE),"") -> 7119131530 | AD12: =IFERROR(VLOOKUP(B12,vlookup!$A$16:$G$150,11,FALSE),"")
A13: 10.21.80751A | B13: 7119140530+7119140640+72741359 | D13: CH | F13: FALSE | I13: 1 | J13: 90 | K13: 50 | L13: 52 | M13: WH | N13: POM | O13: TRUE | V13: TRUE | Y13: =IFERROR(AB13*AA13,0) -> 0 | AA13: =AD13 | AB13: 28 | AC13: =IFERROR(VLOOKUP(B13,vlookup!$A$16:$A$150,1,FALSE),"") -> 7119140530+7119140640+72741359 | AD13: =IFERROR(VLOOKUP(B13,vlookup!$A$16:$G$150,11,FALSE),"")
A14: 10.21.35002C | B14: 7119146730 | D14: CH | F14: FALSE | I14: 1 | J14: 42 | K14: 38 | L14: 42 | M14: BK | N14: POM | O14: TRUE | Y14: =IFERROR(AB14*AA14,0) -> 0 | AA14: =AD14 | AB14: 28 | AC14: =IFERROR(VLOOKUP(B14,vlookup!$A$16:$A$150,1,FALSE),"") -> 7119146730 | AD14: =IFERROR(VLOOKUP(B14,vlookup!$A$16:$G$150,11,FALSE),"")
A15: 10.21.35003A | B15: 71191993 | D15: CH | F15: FALSE | I15: 1 | J15: 42 | K15: 35 | L15: 44 | M15: WH | N15: POM | O15: TRUE | X15: 19 | Y15: =IFERROR(AB15*AA15,0) -> 0 | Z15: I10130 | AA15: =AD15 | AB15: 28 | AC15: =IFERROR(VLOOKUP(B15,vlookup!$A$16:$A$150,1,FALSE),"") -> 71191993 | AD15: =IFERROR(VLOOKUP(B15,vlookup!$A$16:$G$150,11,FALSE),"")
A16: 10.21.77073A | B16: 71196180 | D16: CH | F16: FALSE | I16: 1 | J16: 40 | K16: 40 | L16: 52 | M16: WH | N16: POM | O16: TRUE | Y16: =IFERROR(AB16*AA16,0) -> 0 | AA16: =AD16 | AB16: 28 | AC16: =IFERROR(VLOOKUP(B16,vlookup!$A$16:$A$150,1,FALSE),"") | AD16: =IFERROR(VLOOKUP(B16,vlookup!$A$16:$G$150,11,FALSE),"")
A17: 10.21.77045A | B17: 7183288530+7183288630+72742612 - 7119632530+7119632630+72742614A | D17: CH | F17: FALSE | I17: 1 | J17: 82 | K17: 77 | L17: 52 | M17: WH | N17: POM | O17: TRUE | Y17: =IFERROR(AB17*AA17,0) -> 0 | AA17: =AD17 | AB17: 28 | AC17: =IFERROR(VLOOKUP(B17,vlookup!$A$16:$A$150,1,FALSE),"") | AD17: =IFERROR(VLOOKUP(B17,vlookup!$A$16:$G$150,11,FALSE),"")
A18: 10.21.83680A | B18: 7119639830 | D18: CH | F18: FALSE | I18: 1 | J18: 46 | K18: 40 | L18: 48 | M18: BK | N18: POM | O18: TRUE | Y18: =IFERROR(AB18*AA18,0) -> 0 | AA18: =AD18 | AB18: 28 | AC18: =IFERROR(VLOOKUP(B18,vlookup!$A$16:$A$150,1,FALSE),"") -> 7119639830 | AD18: =IFERROR(VLOOKUP(B18,vlookup!$A$16:$G$150,11,FALSE),"")
A19: 10.21.36271A | B19: 71196401 | D19: CH | F19: FALSE | I19: 1 | J19: 42 | K19: 39 | L19: 46 | M19: WH | N19: POM | O19: TRUE | X19: 19 | Y19: =IFERROR(AB19*AA19,0) -> 0 | Z19: I10130 | AA19: =AD19 | AB19: 28 | AC19: =IFERROR(VLOOKUP(B19,vlookup!$A$16:$A$150,1,FALSE),"") -> 71196401 | AD19: =IFERROR(VLOOKUP(B19,vlookup!$A$16:$G$150,11,FALSE),"")
A20: 10.21.83709A | B20: 7119641970 | D20: CH | F20: FALSE | I20: 1 | J20: 42 | K20: 36 | L20: 46 | M20: YE | N20: POM | O20: TRUE | Y20: =IFERROR(AB20*AA20,0) -> 0 | AA20: =AD20 | AB20: 28 | AC20: =IFERROR(VLOOKUP(B20,vlookup!$A$16:$A$150,1,FALSE),"") -> 7119641970 | AD20: =IFERROR(VLOOKUP(B20,vlookup!$A$16:$G$150,11,FALSE),"")
A21: 10.21.47236A | B21: 71196506 | D21: CH | F21: FALSE | I21: 1 | J21: 42 | K21: 33 | L21: 47 | M21: WH | N21: POM | O21: TRUE | V21: TRUE | Y21: =IFERROR(AB21*AA21,0) -> 0 | AA21: =AD21 | AB21: 28 | AC21: =IFERROR(VLOOKUP(B21,vlookup!$A$16:$A$150,1,FALSE),"") -> 71196506 | AD21: =IFERROR(VLOOKUP(B21,vlookup!$A$16:$G$150,11,FALSE),"")
A22: 10.21.83671B | B22: 71196683+7173344320+X1PO2488 | D22: CH | F22: FALSE | I22: 1 | J22: 61 | K22: 50 | L22: 87 | M22: WH | N22: POM | O22: TRUE | Y22: =IFERROR(AB22*AA22,0) -> 0 | AA22: =AD22 | AB22: 28 | AC22: =IFERROR(VLOOKUP(B22,vlookup!$A$16:$A$150,1,FALSE),"") | AD22: =IFERROR(VLOOKUP(B22,vlookup!$A$16:$G$150,11,FALSE),"")
A23: 10.21.77085A | B23: 7119668820 | D23: CH | F23: FALSE | I23: 1 | J23: 40 | K23: 37 | L23: 52 | M23: RD | N23: POM | O23: TRUE | Y23: =IFERROR(AB23*AA23,0) -> 0 | AA23: =AD23 | AB23: 28 | AC23: =IFERROR(VLOOKUP(B23,vlookup!$A$16:$A$150,1,FALSE),"") -> 7119668820 | AD23: =IFERROR(VLOOKUP(B23,vlookup!$A$16:$G$150,11,FALSE),"")
A24: 10.21.73050A | B24: 7119670830+7274290770A | D24: CH | F24: FALSE | I24: 1 | J24: 55 | K24: 67 | L24: 52 | M24: YE | N24: POM | O24: TRUE | Y24: =IFERROR(AB24*AA24,0) -> 0 | AA24: =AD24 | AB24: 28 | AC24: =IFERROR(VLOOKUP(B24,vlookup!$A$16:$A$150,1,FALSE),"") -> 7119670830+7274290770A | AD24: =IFERROR(VLOOKUP(B24,vlookup!$A$16:$G$150,11,FALSE),"")
A25: 10.21.80748A | B25: 71196714 | D25: CH | F25: FALSE | I25: 1 | J25: 45 | K25: 38 | L25: 59 | M25: WH | N25: POM | O25: TRUE | Y25: =IFERROR(AB25*AA25,0) -> 0 | AA25: =AD25 | AB25: 28 | AC25: =IFERROR(VLOOKUP(B25,vlookup!$A$16:$A$150,1,FALSE),"") -> 71196714 | AD25: =IFERROR(VLOOKUP(B25,vlookup!$A$16:$G$150,11,FALSE),"")
A26: 10.21.42593A | B26: 7119648630+7274171430A | D26: CH | F26: FALSE | I26: 1 | J26: 62 | K26: 67 | L26: 60 | M26: BK | N26: POM | O26: TRUE | Y26: =IFERROR(AB26*AA26,0) -> 0 | AA26: =AD26 | AB26: 28 | AC26: =IFERROR(VLOOKUP(B26,vlookup!$A$16:$A$150,1,FALSE),"") -> 7119648630+7274171430A | AD26: =IFERROR(VLOOKUP(B26,vlookup!$A$16:$G$150,11,FALSE),"")
A27: 10.21.77076A | B27: 71781405 | D27: CH | F27: FALSE | I27: 1 | J27: 40 | K27: 39 | L27: 45 | M27: WH | N27: POM | O27: TRUE | Y27: =IFERROR(AB27*AA27,0) -> 0 | AA27: =AD27 | AB27: 28 | AC27: =IFERROR(VLOOKUP(B27,vlookup!$A$16:$A$150,1,FALSE),"") | AD27: =IFERROR(VLOOKUP(B27,vlookup!$A$16:$G$150,11,FALSE),"")
A28: 10.21.72974A | B28: 7183288530+7183288630+72742612A | D28: CH | F28: FALSE | I28: 1 | J28: 82 | K28: 77 | L28: 52 | M28: WH | N28: POM | O28: TRUE | Y28: =IFERROR(AB28*AA28,0) -> 0 | AA28: =AD28 | AB28: 28 | AC28: =IFERROR(VLOOKUP(B28,vlookup!$A$16:$A$150,1,FALSE),"") -> 7183288530+7183288630+72742612A | AD28: =IFERROR(VLOOKUP(B28,vlookup!$A$16:$G$150,11,FALSE),"")
A29: 10.21.77049A | B29: 7185173030+7185173130+72742608 | D29: CH | F29: FALSE | I29: 1 | J29: 92 | K29: 75 | L29: 52 | M29: WH | N29: POM | O29: TRUE | Y29: =IFERROR(AB29*AA29,0) -> 0 | AA29: =AD29 | AB29: 28 | AC29: =IFERROR(VLOOKUP(B29,vlookup!$A$16:$A$150,1,FALSE),"") -> 7185173030+7185173130+72742608 | AD29: =IFERROR(VLOOKUP(B29,vlookup!$A$16:$G$150,11,FALSE),"")
A30: 10.21.42674D | B30: 7187903970+7187904070+7274060970 | D30: CH | F30: FALSE | I30: 1 | J30: 92 | K30: 68 | L30: 55 | M30: YE | N30: POM | O30: TRUE | Y30: =IFERROR(AB30*AA30,0) -> 0 | AA30: =AD30 | AB30: 28 | AC30: =IFERROR(VLOOKUP(B30,vlookup!$A$16:$A$150,1,FALSE),"") | AD30: =IFERROR(VLOOKUP(B30,vlookup!$A$16:$G$150,11,FALSE),"")
A31: 10.21.72978A | B31: 71884821+7134425740 | D31: CH | F31: FALSE | I31: 1 | J31: 51 | K31: 51 | L31: 66 | M31: WH | N31: POM | O31: TRUE | X31: 19 | Y31: =IFERROR(AB31*AA31,0) -> 0 | Z31: I10130 | AA31: =AD31 | AB31: 28 | AC31: =IFERROR(VLOOKUP(B31,vlookup!$A$16:$A$150,1,FALSE),"") -> 71884821+7134425740 | AD31: =IFERROR(VLOOKUP(B31,vlookup!$A$16:$G$150,11,FALSE),"")
A32: 10.21.83656D | B32: 7188503730+7174152230A(7177097330) | D32: CH | F32: FALSE | I32: 1 | J32: 84 | K32: 78 | L32: 49 | M32: BK | N32: POM | O32: TRUE | Y32: =IFERROR(AB32*AA32,0) -> 0 | AA32: =AD32 | AB32: 28 | AC32: =IFERROR(VLOOKUP(B32,vlookup!$A$16:$A$150,1,FALSE),"") | AD32: =IFERROR(VLOOKUP(B32,vlookup!$A$16:$G$150,11,FALSE),"")
A33: 10.21.83657E | B33: 7188503730+7174152230A(7177097330) | D33: CH | F33: FALSE | I33: 1 | J33: 84 | K33: 78 | L33: 49 | M33: BK | N33: POM | O33: TRUE | Y33: =IFERROR(AB33*AA33,0) -> 0 | AA33: =AD33 | AB33: 28 | AC33: =IFERROR(VLOOKUP(B33,vlookup!$A$16:$A$150,1,FALSE),"") | AD33: =IFERROR(VLOOKUP(B33,vlookup!$A$16:$G$150,11,FALSE),"")
A34: 10.21.35851A | B34: 7189663170 | D34: CH | F34: FALSE | I34: 1 | J34: 44 | K34: 36 | L34: 46 | M34: YE | N34: POM | O34: TRUE | Y34: =IFERROR(AB34*AA34,0) -> 0 | AA34: =AD34 | AB34: 28 | AC34: =IFERROR(VLOOKUP(B34,vlookup!$A$16:$A$150,1,FALSE),"") -> 7189663170 | AD34: =IFERROR(VLOOKUP(B34,vlookup!$A$16:$G$150,11,FALSE),"")
A35: 10.21.76941A | B35: 7189811530+7289811830+72741554 | D35: CH | F35: FALSE | I35: 1 | J35: 124 | K35: 76 | L35: 62 | M35: WH | N35: POM | O35: TRUE | Y35: =IFERROR(AB35*AA35,0) -> 0 | AA35: =AD35 | AB35: 28 | AC35: =IFERROR(VLOOKUP(B35,vlookup!$A$16:$A$150,1,FALSE),"") -> 7189811530+7289811830+72741554 | AD35: =IFERROR(VLOOKUP(B35,vlookup!$A$16:$G$150,11,FALSE),"")
A36: 10.21.28074A | B36: 71899503 | D36: CH | F36: FALSE | I36: 1 | J36: 40 | K36: 32 | L36: 47 | M36: WH | N36: POM | O36: TRUE | X36: 19 | Y36: =IFERROR(AB36*AA36,0) -> 0 | Z36: I10130 | AA36: =AD36 | AB36: 28 | AC36: =IFERROR(VLOOKUP(B36,vlookup!$A$16:$A$150,1,FALSE),"") -> 71899503 | AD36: =IFERROR(VLOOKUP(B36,vlookup!$A$16:$G$150,11,FALSE),"")
A37: 10.21.76956B | B37: 7189982830 | D37: CH | F37: FALSE | I37: 1 | J37: 42 | K37: 42 | L37: 51 | M37: BK | N37: POM | O37: TRUE | Y37: =IFERROR(AB37*AA37,0) -> 0 | AA37: =AD37 | AB37: 28 | AC37: =IFERROR(VLOOKUP(B37,vlookup!$A$16:$A$150,1,FALSE),"") -> 7189982830 | AD37: =IFERROR(VLOOKUP(B37,vlookup!$A$16:$G$150,11,FALSE),"")
A38: 10.21.47066D | B38: 7189668330+7274135020A | D38: CH | F38: FALSE | I38: 1 | J38: 68 | K38: 65 | L38: 50 | M38: RD | N38: POM | O38: TRUE | V38: TRUE | Y38: =IFERROR(AB38*AA38,0) -> 0 | AA38: =AD38 | AB38: 28 | AC38: =IFERROR(VLOOKUP(B38,vlookup!$A$16:$A$150,1,FALSE),"") -> 7189668330+7274135020A | AD38: =IFERROR(VLOOKUP(B38,vlookup!$A$16:$G$150,11,FALSE),"")
A39: 10.21.47047D | B39: 7189668330+7274136090A | D39: CH | F39: FALSE | I39: 1 | J39: 68 | K39: 65 | L39: 52 | M39: BL | N39: POM | O39: TRUE | V39: TRUE | Y39: =IFERROR(AB39*AA39,0) -> 0 | AA39: =AD39 | AB39: 28 | AC39: =IFERROR(VLOOKUP(B39,vlookup!$A$16:$A$150,1,FALSE),"") -> 7189668330+7274136090A | AD39: =IFERROR(VLOOKUP(B39,vlookup!$A$16:$G$150,11,FALSE),"")
A40: 10.21.47065D | B40: 7189730210+7274146260A | D40: CH | F40: FALSE | I40: 1 | J40: 68 | K40: 65 | L40: 50 | M40: GN | N40: POM | O40: TRUE | V40: TRUE | Y40: =IFERROR(AB40*AA40,0) -> 0 | AA40: =AD40 | AB40: 28 | AC40: =IFERROR(VLOOKUP(B40,vlookup!$A$16:$A$150,1,FALSE),"") -> 7189730210+7274146260A | AD40: =IFERROR(VLOOKUP(B40,vlookup!$A$16:$G$150,11,FALSE),"")
A41: 10.21.96493A | B41: 71980943 | D41: CH | F41: FALSE | I41: 1 | J41: 42 | K41: 42 | L41: 46 | M41: WH | N41: POM | O41: TRUE | Y41: =IFERROR(AB41*AA41,0) -> 0 | AA41: =AD41 | AB41: 28 | AC41: =IFERROR(VLOOKUP(B41,vlookup!$A$16:$A$150,1,FALSE),"") | AD41: =IFERROR(VLOOKUP(B41,vlookup!$A$16:$G$150,11,FALSE),"")
A42: 10.21.80753C | B42: 7198277430+7198277530+72741954 | D42: CH | F42: FALSE | I42: 1 | J42: 100 | K42: 57 | L42: 53 | M42: WH | N42: POM | O42: TRUE | Y42: =IFERROR(AB42*AA42,0) -> 0 | AA42: =AD42 | AB42: 28 | AC42: =IFERROR(VLOOKUP(B42,vlookup!$A$16:$A$150,1,FALSE),"") -> 7198277430+7198277530+72741954 | AD42: =IFERROR(VLOOKUP(B42,vlookup!$A$16:$G$150,11,FALSE),"")
A43: 10.21.77125A | B43: 71986562 | D43: CH | F43: FALSE | I43: 1 | J43: 44 | K43: 41 | L43: 48 | M43: WH | N43: POM | O43: TRUE | Y43: =IFERROR(AB43*AA43,0) -> 0 | AA43: =AD43 | AB43: 28 | AC43: =IFERROR(VLOOKUP(B43,vlookup!$A$16:$A$150,1,FALSE),"") -> 71986562 | AD43: =IFERROR(VLOOKUP(B43,vlookup!$A$16:$G$150,11,FALSE),"")
A44: 10.21.83630A | B44: 7198762530+7198600430+7274261190A | D44: CH | F44: FALSE | I44: 1 | J44: 100 | K44: 75 | L44: 60 | M44: BL | N44: POM | O44: TRUE | Y44: =IFERROR(AB44*AA44,0) -> 0 | AA44: =AD44 | AB44: 28 | AC44: =IFERROR(VLOOKUP(B44,vlookup!$A$16:$A$150,1,FALSE),"") -> 7198762530+7198600430+7274261190A | AD44: =IFERROR(VLOOKUP(B44,vlookup!$A$16:$G$150,11,FALSE),"")
A45: 10.21.80775B | B45: 7198774930+7198947430+72742908 | D45: CH | F45: FALSE | I45: 1 | J45: 106 | K45: 74 | L45: 66 | M45: WH | N45: POM | O45: TRUE | Y45: =IFERROR(AB45*AA45,0) -> 0 | AA45: =AD45 | AB45: 28 | AC45: =IFERROR(VLOOKUP(B45,vlookup!$A$16:$A$150,1,FALSE),"") -> 7198774930+7198947430+72742908 | AD45: =IFERROR(VLOOKUP(B45,vlookup!$A$16:$G$150,11,FALSE),"")
A46: 10.21.80733A | B46: 71987958A | D46: CH | F46: FALSE | I46: 1 | J46: 80 | K46: 45 | L46: 53 | M46: WH | N46: POM | O46: TRUE | Y46: =IFERROR(AB46*AA46,0) -> 0 | AA46: =AD46 | AB46: 28 | AC46: =IFERROR(VLOOKUP(B46,vlookup!$A$16:$A$150,1,FALSE),"") -> 71987958A | AD46: =IFERROR(VLOOKUP(B46,vlookup!$A$16:$G$150,11,FALSE),"")
A47: 10.21.73031A | B47: 7198796290 | D47: CH | F47: FALSE | I47: 1 | J47: 41 | K47: 41 | L47: 42 | M47: BL | N47: POM | O47: TRUE | X47: 19 | Y47: =IFERROR(AB47*AA47,0) -> 0 | Z47: I10130 | AA47: =AD47 | AB47: 28 | AC47: =IFERROR(VLOOKUP(B47,vlookup!$A$16:$A$150,1,FALSE),"") -> 7198796290 | AD47: =IFERROR(VLOOKUP(B47,vlookup!$A$16:$G$150,11,FALSE),"")
A48: 10.21.72982A | B48: 71988082 | D48: CH | F48: FALSE | I48: 1 | J48: 40 | K48: 38 | L48: 40 | M48: WH | N48: POM | O48: TRUE | X48: 19 | Y48: =IFERROR(AB48*AA48,0) -> 0 | Z48: I10130 | AA48: =AD48 | AB48: 28 | AC48: =IFERROR(VLOOKUP(B48,vlookup!$A$16:$A$150,1,FALSE),"") -> 71988082 | AD48: =IFERROR(VLOOKUP(B48,vlookup!$A$16:$G$150,11,FALSE),"")
A49: 10.21.83758A | B49: 7198809140+7274268930 | D49: CH | F49: FALSE | I49: 1 | J49: 82 | K49: 57 | L49: 54 | M49: BK | N49: POM | O49: TRUE | Y49: =IFERROR(AB49*AA49,0) -> 0 | AA49: =AD49 | AB49: 28 | AC49: =IFERROR(VLOOKUP(B49,vlookup!$A$16:$A$150,1,FALSE),"") -> 7198809140+7274268930 | AD49: =IFERROR(VLOOKUP(B49,vlookup!$A$16:$G$150,11,FALSE),"")
A50: 10.21.80743B | B50: 7198914830+7234497030 | D50: CH | F50: FALSE | I50: 1 | J50: 68 | K50: 48 | L50: 51 | M50: BK | N50: POM | O50: TRUE | Y50: =IFERROR(AB50*AA50,0) -> 0 | AA50: =AD50 | AB50: 28 | AC50: =IFERROR(VLOOKUP(B50,vlookup!$A$16:$A$150,1,FALSE),"") | AD50: =IFERROR(VLOOKUP(B50,vlookup!$A$16:$G$150,11,FALSE),"")
A51: 10.21.77054A | B51: 7198916130 | D51: CH | F51: FALSE | I51: 1 | J51: 50 | K51: 32 | L51: 60 | M51: BK | N51: POM | O51: TRUE | Y51: =IFERROR(AB51*AA51,0) -> 0 | AA51: =AD51 | AB51: 28 | AC51: =IFERROR(VLOOKUP(B51,vlookup!$A$16:$A$150,1,FALSE),"") -> 7198916130 | AD51: =IFERROR(VLOOKUP(B51,vlookup!$A$16:$G$150,11,FALSE),"")
A52: 10.21.77084A | B52: 71989162 | D52: CH | F52: FALSE | I52: 1 | J52: 48 | K52: 48 | L52: 48 | M52: WH | N52: POM | O52: TRUE | X52: 19 | Y52: =IFERROR(AB52*AA52,0) -> 0 | Z52: I10130 | AA52: =AD52 | AB52: 28 | AC52: =IFERROR(VLOOKUP(B52,vlookup!$A$16:$A$150,1,FALSE),"") -> 71989162 | AD52: =IFERROR(VLOOKUP(B52,vlookup!$A$16:$G$150,11,FALSE),"")
A53: 10.21.77047A | B53: 7198948560 | D53: CH | F53: FALSE | I53: 1 | J53: 40 | K53: 39 | L53: 41 | M53: GN | N53: POM | O53: TRUE | X53: 19 | Y53: =IFERROR(AB53*AA53,0) -> 0 | Z53: I10130 | AA53: =AD53 | AB53: 28 | AC53: =IFERROR(VLOOKUP(B53,vlookup!$A$16:$A$150,1,FALSE),"") -> 7198948560 | AD53: =IFERROR(VLOOKUP(B53,vlookup!$A$16:$G$150,11,FALSE),"")
A54: 10.21.35898A | B54: 7223686530 | D54: CH | F54: FALSE | I54: 1 | J54: 41 | K54: 40 | L54: 73 | M54: BK | N54: POM | O54: TRUE | Y54: =IFERROR(AB54*AA54,0) -> 0 | AA54: =AD54 | AB54: 28 | AC54: =IFERROR(VLOOKUP(B54,vlookup!$A$16:$A$150,1,FALSE),"") -> 7223686530 | AD54: =IFERROR(VLOOKUP(B54,vlookup!$A$16:$G$150,11,FALSE),"")
A55: 10.21.77160A | B55: 7271007030 | C55: X1PO2536 | D55: CH | F55: TRUE | I55: 1 | X55: 19 | Y55: =IFERROR(AB55*AA55,0) -> 0 | Z55: I10130 | AA55: =AD55 | AB55: 28 | AC55: =IFERROR(VLOOKUP(B55,vlookup!$A$16:$A$150,1,FALSE),"") -> 7271007030 | AD55: =IFERROR(VLOOKUP(B55,vlookup!$A$16:$G$150,11,FALSE),"")
B56: 7271007030 | G56: 10.21.77160A | H56: 10.21.77160A-1 | I56: 1 | J56: 194 | K56: 131 | L56: 80 | M56: WH | N56: POM | O56: TRUE | Y56: =IFERROR(AB56*AA56,0) -> 0
B57: 7271007030 | G57: 10.21.77160A | H57: 10.21.77160A-2 | I57: 1 | J57: 60 | K57: 27 | L57: 60 | M57: WH | N57: POM | O57: TRUE | Y57: =IFERROR(AB57*AA57,0) -> 0
A58: 10.21.47100C | B58: 7289811630+7289811730+7274166590A | D58: CH | F58: FALSE | I58: 1 | J58: 104 | K58: 84 | L58: 53 | M58: BL | N58: POM | O58: TRUE | V58: TRUE | Y58: =IFERROR(AB58*AA58,0) -> 0 | AA58: =AD58 | AB58: 28 | AC58: =IFERROR(VLOOKUP(B58,vlookup!$A$16:$A$150,1,FALSE),"") -> 7289811630+7289811730+7274166590A | AD58: =IFERROR(VLOOKUP(B58,vlookup!$A$16:$G$150,11,FALSE),"")
A59: 10.21.83783A | B59: 7278246930 | D59: CH | F59: FALSE | I59: 1 | J59: 48 | K59: 48 | L59: 63 | M59: BK | N59: POM | O59: TRUE | Y59: =IFERROR(AB59*AA59,0) -> 0 | AA59: =AD59 | AB59: 28 | AC59: =IFERROR(VLOOKUP(B59,vlookup!$A$16:$A$150,1,FALSE),"") -> 7278246930 | AD59: =IFERROR(VLOOKUP(B59,vlookup!$A$16:$G$150,11,FALSE),"")
A60: 10.21.77152A | B60: 7283837230 | D60: CH | F60: FALSE | I60: 1 | J60: 42 | K60: 37 | L60: 51 | M60: BK | N60: POM | O60: TRUE | Y60: =IFERROR(AB60*AA60,0) -> 0 | AA60: =AD60 | AB60: 28 | AC60: =IFERROR(VLOOKUP(B60,vlookup!$A$16:$A$150,1,FALSE),"") | AD60: =IFERROR(VLOOKUP(B60,vlookup!$A$16:$G$150,11,FALSE),"")
A61: 10.21.76940C | B61: 7289811630+7289811730+72741551 | D61: CH | F61: FALSE | I61: 1 | J61: 102 | K61: 80 | L61: 67 | M61: WH | N61: POM | O61: TRUE | V61: TRUE | Y61: =IFERROR(AB61*AA61,0) -> 0 | AA61: =AD61 | AB61: 28 | AC61: =IFERROR(VLOOKUP(B61,vlookup!$A$16:$A$150,1,FALSE),"") -> 7289811630+7289811730+72741551 | AD61: =IFERROR(VLOOKUP(B61,vlookup!$A$16:$G$150,11,FALSE),"")
A62: 10.21.80752A | B62: 7289811630+7289811730+7274155220 | D62: CH | F62: FALSE | I62: 1 | J62: 102 | K62: 80 | L62: 55 | M62: RD | N62: POM | O62: TRUE | V62: TRUE | Y62: =IFERROR(AB62*AA62,0) -> 0 | AA62: =AD62 | AB62: 28 | AC62: =IFERROR(VLOOKUP(B62,vlookup!$A$16:$A$150,1,FALSE),"") -> 7289811630+7289811730+7274155220 | AD62: =IFERROR(VLOOKUP(B62,vlookup!$A$16:$G$150,11,FALSE),"")
A63: 10.21.47195A | B63: 7289896430 | D63: CH | F63: FALSE | I63: 1 | J63: 42 | K63: 45 | L63: 61 | M63: BK | N63: POM | O63: TRUE | Y63: =IFERROR(AB63*AA63,0) -> 0 | AA63: =AD63 | AB63: 28 | AC63: =IFERROR(VLOOKUP(B63,vlookup!$A$16:$A$150,1,FALSE),"") -> 7289896430 | AD63: =IFERROR(VLOOKUP(B63,vlookup!$A$16:$G$150,11,FALSE),"")
A64: 10.21.76987A | B64: 72897304 | D64: CH | F64: FALSE | I64: 1 | J64: 55 | K64: 65 | L64: 92 | M64: WH | N64: POM | O64: TRUE | X64: 19 | Y64: =IFERROR(AB64*AA64,0) -> 0 | Z64: I10130 | AA64: =AD64 | AB64: 28 | AC64: =IFERROR(VLOOKUP(B64,vlookup!$A$16:$A$150,1,FALSE),"") -> 72897304 | AD64: =IFERROR(VLOOKUP(B64,vlookup!$A$16:$G$150,11,FALSE),"")
A65: 10.21.76981A | B65: 7297944190 | D65: CH | F65: FALSE | I65: 1 | J65: 54 | K65: 51 | L65: 50 | M65: BL | N65: POM | O65: TRUE | X65: 19 | Y65: =IFERROR(AB65*AA65,0) -> 0 | Z65: I10130 | AA65: =AD65 | AB65: 28 | AC65: =IFERROR(VLOOKUP(B65,vlookup!$A$16:$A$150,1,FALSE),"") -> 7297944190 | AD65: =IFERROR(VLOOKUP(B65,vlookup!$A$16:$G$150,11,FALSE),"")
A66: 10.21.73078A | B66: 72988085 | D66: CH | F66: FALSE | I66: 1 | J66: 56 | K66: 41 | L66: 78 | M66: WH | N66: POM | O66: TRUE | Y66: =IFERROR(AB66*AA66,0) -> 0 | AA66: =AD66 | AB66: 28 | AC66: =IFERROR(VLOOKUP(B66,vlookup!$A$16:$A$150,1,FALSE),"") | AD66: =IFERROR(VLOOKUP(B66,vlookup!$A$16:$G$150,11,FALSE),"")
A67: 10.21.77157A | B67: A1729821302_EYELET V2 | D67: CH | F67: FALSE | I67: 1 | J67: 54 | K67: 54 | L67: 50 | M67: WH | N67: POM | O67: TRUE | Y67: =IFERROR(AB67*AA67,0) -> 0 | AA67: =AD67 | AB67: 28 | AC67: =IFERROR(VLOOKUP(B67,vlookup!$A$16:$A$150,1,FALSE),"") -> A1729821302_EYELET V2 | AD67: =IFERROR(VLOOKUP(B67,vlookup!$A$16:$G$150,11,FALSE),"")
A68: 10.21.77157_A | B68: A1729821302_EYELET V3 2-KS | D68: CH | F68: FALSE | I68: 1 | J68: 54 | K68: 54 | L68: 50 | M68: WH | N68: POM | O68: TRUE | Y68: =IFERROR(AB68*AA68,0) -> 0 | AA68: =AD68 | AB68: 28 | AC68: =IFERROR(VLOOKUP(B68,vlookup!$A$16:$A$150,1,FALSE),"") | AD68: =IFERROR(VLOOKUP(B68,vlookup!$A$16:$G$150,11,FALSE),"")
A69: 10.21.77155A | B69: A1729821302_EYELET V3 3-KS | D69: CH | F69: FALSE | I69: 1 | J69: 54 | K69: 54 | L69: 50 | M69: WH | N69: POM | O69: TRUE | Y69: =IFERROR(AB69*AA69,0) -> 0 | AA69: =AD69 | AB69: 28 | AC69: =IFERROR(VLOOKUP(B69,vlookup!$A$16:$A$150,1,FALSE),"") | AD69: =IFERROR(VLOOKUP(B69,vlookup!$A$16:$G$150,11,FALSE),"")
A70: 10.21.77156A | B70: A1729821302_EYELET V4_3 | C70: A1729821302_EYELET V3 4-KS | D70: CH | F70: FALSE | I70: 1 | J70: 54 | K70: 54 | L70: 50 | M70: WH | N70: POM | O70: TRUE | X70: 19 | Y70: =IFERROR(AB70*AA70,0) -> 0 | Z70: I10130 | AA70: =AD70 | AB70: 28 | AC70: =IFERROR(VLOOKUP(B70,vlookup!$A$16:$A$150,1,FALSE),"") -> A1729821302_EYELET V4_3 | AD70: =IFERROR(VLOOKUP(B70,vlookup!$A$16:$G$150,11,FALSE),"")
A71: 10.21.76988A | B71: ASSY_123024542 | D71: CH | F71: FALSE | I71: 1 | J71: 40 | K71: 37 | L71: 46 | M71: WH | N71: POM | O71: TRUE | X71: 19 | Y71: =IFERROR(AB71*AA71,0) -> 0 | Z71: I10130 | AA71: =AD71 | AB71: 28 | AC71: =IFERROR(VLOOKUP(B71,vlookup!$A$16:$A$150,1,FALSE),"") -> ASSY_123024542 | AD71: =IFERROR(VLOOKUP(B71,vlookup!$A$16:$G$150,11,FALSE),"")
A72: 10.21.76967A | B72: ASSY_123024541 | D72: CH | F72: FALSE | I72: 1 | J72: 40 | K72: 34 | L72: 44 | M72: BK | N72: POM | O72: TRUE | Y72: =IFERROR(AB72*AA72,0) -> 0 | AA72: =AD72 | AB72: 28 | AC72: =IFERROR(VLOOKUP(B72,vlookup!$A$16:$A$150,1,FALSE),"") -> ASSY_123024541 | AD72: =IFERROR(VLOOKUP(B72,vlookup!$A$16:$G$150,11,FALSE),"")
A73: 10.21.35998A | B73: ASSY_59Z063DC0B | D73: CH | F73: FALSE | I73: 1 | J73: 49 | K73: 33 | L73: 44 | M73: WH | N73: POM | O73: TRUE | Y73: =IFERROR(AB73*AA73,0) -> 0 | AA73: =AD73 | AB73: 28 | AC73: =IFERROR(VLOOKUP(B73,vlookup!$A$16:$A$150,1,FALSE),"") -> ASSY_59Z063DC0B | AD73: =IFERROR(VLOOKUP(B73,vlookup!$A$16:$G$150,11,FALSE),"")
A74: 10.21.27982A | B74: ASSY_59Z063DC0C | D74: CH | F74: FALSE | I74: 1 | J74: 49 | K74: 34 | L74: 44 | M74: BL | N74: POM | O74: TRUE | X74: 19 | Y74: =IFERROR(AB74*AA74,0) -> 0 | Z74: I10130 | AA74: =AD74 | AB74: 28 | AC74: =IFERROR(VLOOKUP(B74,vlookup!$A$16:$A$150,1,FALSE),"") -> ASSY_59Z063DC0C | AD74: =IFERROR(VLOOKUP(B74,vlookup!$A$16:$G$150,11,FALSE),"")
A75: 10.21.73069A | B75: ASSY_AMZ005000E/ASSY_AMZ005DC0E | D75: CH | F75: FALSE | I75: 1 | J75: 45 | K75: 37 | L75: 46 | M75: GN | N75: POM | O75: TRUE | X75: 19 | Y75: =IFERROR(AB75*AA75,0) -> 0 | Z75: I10130 | AA75: =AD75 | AB75: 28 | AC75: =IFERROR(VLOOKUP(B75,vlookup!$A$16:$A$150,1,FALSE),"") -> ASSY_AMZ005000E/ASSY_AMZ005DC0E | AD75: =IFERROR(VLOOKUP(B75,vlookup!$A$16:$G$150,11,FALSE),"")
A76: 10.21.73067A | B76: ASSY_AMZ005DC0C | D76: CH | F76: FALSE | I76: 1 | J76: 45 | K76: 37 | L76: 46 | M76: BL | N76: POM | O76: TRUE | X76: 19 | Y76: =IFERROR(AB76*AA76,0) -> 0 | Z76: I10130 | AA76: =AD76 | AB76: 28 | AC76: =IFERROR(VLOOKUP(B76,vlookup!$A$16:$A$150,1,FALSE),"") -> ASSY_AMZ005DC0C | AD76: =IFERROR(VLOOKUP(B76,vlookup!$A$16:$G$150,11,FALSE),"")
A77: 10.21.77187A | B77: ASSY_AMZ005DC0D | D77: CH | F77: FALSE | I77: 1 | J77: 45 | K77: 37 | L77: 46 | M77: RD | N77: POM | O77: TRUE | X77: 19 | Y77: =IFERROR(AB77*AA77,0) -> 0 | Z77: I10130 | AA77: =AD77 | AB77: 28 | AC77: =IFERROR(VLOOKUP(B77,vlookup!$A$16:$A$150,1,FALSE),"") -> ASSY_AMZ005DC0D | AD77: =IFERROR(VLOOKUP(B77,vlookup!$A$16:$G$150,11,FALSE),"")
A78: 10.21.73076A | B78: ASSY_AMZ005000F/ASSY_AMZ005DC0F | D78: CH | F78: FALSE | I78: 1 | J78: 45 | K78: 40 | L78: 46 | M78: BN | N78: POM | O78: TRUE | X78: 19 | Y78: =IFERROR(AB78*AA78,0) -> 0 | Z78: I10130 | AA78: =AD78 | AB78: 28 | AC78: =IFERROR(VLOOKUP(B78,vlookup!$A$16:$A$150,1,FALSE),"") -> ASSY_AMZ005000F/ASSY_AMZ005DC0F | AD78: =IFERROR(VLOOKUP(B78,vlookup!$A$16:$G$150,11,FALSE),"")
A79: 10.21.73073A | B79: ASSY_AMZ005DC0B | D79: CH | F79: FALSE | I79: 1 | J79: 45 | K79: 40 | L79: 46 | M79: WH | N79: POM | O79: TRUE | Y79: =IFERROR(AB79*AA79,0) -> 0 | AA79: =AD79 | AB79: 28 | AC79: =IFERROR(VLOOKUP(B79,vlookup!$A$16:$A$150,1,FALSE),"") | AD79: =IFERROR(VLOOKUP(B79,vlookup!$A$16:$G$150,11,FALSE),"")
A80: 10.21.77066A | B80: ASSY_AMZ040C00B | D80: CH | F80: FALSE | I80: 1 | J80: 45 | K80: 36 | L80: 50 | M80: WH | N80: POM | O80: TRUE | X80: 19 | Y80: =IFERROR(AB80*AA80,0) -> 0 | Z80: I10130 | AA80: =AD80 | AB80: 28 | AC80: =IFERROR(VLOOKUP(B80,vlookup!$A$16:$A$150,1,FALSE),"") -> ASSY_AMZ040C00B | AD80: =IFERROR(VLOOKUP(B80,vlookup!$A$16:$G$150,11,FALSE),"")
A81: 10.21.77068A | B81: ASSY_AMZ040C00C | D81: CH | F81: FALSE | I81: 1 | J81: 45 | K81: 36 | L81: 50 | M81: BL | N81: POM | O81: TRUE | Y81: =IFERROR(AB81*AA81,0) -> 0 | AA81: =AD81 | AB81: 28 | AC81: =IFERROR(VLOOKUP(B81,vlookup!$A$16:$A$150,1,FALSE),"") | AD81: =IFERROR(VLOOKUP(B81,vlookup!$A$16:$G$150,11,FALSE),"")
A82: 10.21.77069A | B82: ASSY_AMZ040C00D | D82: CH | F82: FALSE | I82: 1 | J82: 45 | K82: 36 | L82: 50 | M82: RD | N82: POM | O82: TRUE | X82: 19 | Y82: =IFERROR(AB82*AA82,0) -> 0 | Z82: I10130 | AA82: =AD82 | AB82: 28 | AC82: =IFERROR(VLOOKUP(B82,vlookup!$A$16:$A$150,1,FALSE),"") -> ASSY_AMZ040C00D | AD82: =IFERROR(VLOOKUP(B82,vlookup!$A$16:$G$150,11,FALSE),"")
A83: 10.21.77070A | B83: ASSY_AMZ040C00E | D83: CH | F83: FALSE | I83: 1 | J83: 45 | K83: 36 | L83: 50 | M83: GN | N83: POM | O83: TRUE | Y83: =IFERROR(AB83*AA83,0) -> 0 | AA83: =AD83 | AB83: 28 | AC83: =IFERROR(VLOOKUP(B83,vlookup!$A$16:$A$150,1,FALSE),"") -> ASSY_AMZ040C00E | AD83: =IFERROR(VLOOKUP(B83,vlookup!$A$16:$G$150,11,FALSE),"")
A84: 10.21.77038A | B84: ASSY_CA288A15199XXX | D84: CH | F84: FALSE | I84: 1 | J84: 42 | K84: 37 | L84: 43 | M84: YE | N84: POM | O84: TRUE | Y84: =IFERROR(AB84*AA84,0) -> 0 | AA84: =AD84 | AB84: 28 | AC84: =IFERROR(VLOOKUP(B84,vlookup!$A$16:$A$150,1,FALSE),"") -> ASSY_CA288A15199XXX | AD84: =IFERROR(VLOOKUP(B84,vlookup!$A$16:$G$150,11,FALSE),"")
A85: 10.21.77040A | B85: ASSY_CA288A25199XXX | D85: CH | F85: FALSE | I85: 1 | J85: 42 | K85: 37 | L85: 43 | M85: YE | N85: POM | O85: TRUE | Y85: =IFERROR(AB85*AA85,0) -> 0 | AA85: =AD85 | AB85: 28 | AC85: =IFERROR(VLOOKUP(B85,vlookup!$A$16:$A$150,1,FALSE),"") -> ASSY_CA288A25199XXX | AD85: =IFERROR(VLOOKUP(B85,vlookup!$A$16:$G$150,11,FALSE),"")
A86: 10.21.77039A | B86: ASSY_CA288A35199XXX | D86: CH | F86: FALSE | I86: 1 | J86: 42 | K86: 37 | L86: 43 | M86: YE | N86: POM | O86: TRUE | Y86: =IFERROR(AB86*AA86,0) -> 0 | AA86: =AD86 | AB86: 28 | AC86: =IFERROR(VLOOKUP(B86,vlookup!$A$16:$A$150,1,FALSE),"") | AD86: =IFERROR(VLOOKUP(B86,vlookup!$A$16:$G$150,11,FALSE),"")
A87: 10.21.77041A | B87: ASSY_CA288B1519XXXX | D87: CH | F87: FALSE | I87: 1 | J87: 44 | K87: 41 | L87: 50 | M87: YE | N87: POM | O87: TRUE | Y87: =IFERROR(AB87*AA87,0) -> 0 | AA87: =AD87 | AB87: 28 | AC87: =IFERROR(VLOOKUP(B87,vlookup!$A$16:$A$150,1,FALSE),"") -> ASSY_CA288B1519XXXX | AD87: =IFERROR(VLOOKUP(B87,vlookup!$A$16:$G$150,11,FALSE),"")
A88: 10.21.73066A | B88: ASSY_D4Z001DC0C | D88: CH | F88: FALSE | I88: 1 | J88: 44 | K88: 38 | L88: 47 | M88: BL | N88: POM | O88: TRUE | Y88: =IFERROR(AB88*AA88,0) -> 0 | AA88: =AD88 | AB88: 28 | AC88: =IFERROR(VLOOKUP(B88,vlookup!$A$16:$A$150,1,FALSE),"") -> ASSY_D4Z001DC0C | AD88: =IFERROR(VLOOKUP(B88,vlookup!$A$16:$G$150,11,FALSE),"")
A89: 10.21.77089A | B89: ASSY_D4K2RE1D5A5BDC/ASSY_D4K2RE1D5A5B | D89: CH | F89: FALSE | I89: 1 | J89: 39 | K89: 39 | L89: 53 | M89: WH | N89: POM | O89: TRUE | X89: 19 | Y89: =IFERROR(AB89*AA89,0) -> 0 | Z89: I10130 | AA89: =AD89 | AB89: 28 | AC89: =IFERROR(VLOOKUP(B89,vlookup!$A$16:$A$150,1,FALSE),"") -> ASSY_D4K2RE1D5A5BDC/ASSY_D4K2RE1D5A5B | AD89: =IFERROR(VLOOKUP(B89,vlookup!$A$16:$G$150,11,FALSE),"")
A90: 10.21.83646A | B90: 7178270480 | C90: X1PO2348 | D90: CH | F90: FALSE | I90: 1 | J90: 83 | K90: 62 | L90: 58 | M90: BN | N90: POM | O90: TRUE | Y90: =IFERROR(AB90*AA90,0) -> 0 | AA90: =AD90 | AB90: 28 | AC90: =IFERROR(VLOOKUP(B90,vlookup!$A$16:$A$150,1,FALSE),"") -> 7178270480 | AD90: =IFERROR(VLOOKUP(B90,vlookup!$A$16:$G$150,11,FALSE),"")
A91: 10.21.77128A | B91: 7075226730 | C91: X1PP5707 | D91: CH | F91: FALSE | I91: 1 | J91: 75 | K91: 32 | L91: 70 | M91: BK | N91: POM | O91: TRUE | Y91: =IFERROR(AB91*AA91,0) -> 0 | AA91: =AD91 | AB91: 28 | AC91: =IFERROR(VLOOKUP(B91,vlookup!$A$16:$A$150,1,FALSE),"") | AD91: =IFERROR(VLOOKUP(B91,vlookup!$A$16:$G$150,11,FALSE),"")
A92: 10.21.96496A | B92: X1PP5M18 | D92: CH | F92: FALSE | I92: 1 | J92: 40 | K92: 31 | L92: 58 | M92: WH | N92: POM | O92: TRUE | Y92: =IFERROR(AB92*AA92,0) -> 0 | AA92: =AD92 | AB92: 28 | AC92: =IFERROR(VLOOKUP(B92,vlookup!$A$16:$A$150,1,FALSE),"") | AD92: =IFERROR(VLOOKUP(B92,vlookup!$A$16:$G$150,11,FALSE),"")
A93: 10.21.96494A | B93: X1PP5M18 | D93: CH | F93: FALSE | I93: 1 | J93: 52 | K93: 36 | L93: 47 | M93: BK | N93: POM | O93: TRUE | Y93: =IFERROR(AB93*AA93,0) -> 0 | AA93: =AD93 | AB93: 28 | AC93: =IFERROR(VLOOKUP(B93,vlookup!$A$16:$A$150,1,FALSE),"") | AD93: =IFERROR(VLOOKUP(B93,vlookup!$A$16:$G$150,11,FALSE),"")
A94: 10.21.83677A | B94: ASSY_59Z006-T00D | D94: CH | F94: FALSE | I94: 1 | J94: 40 | K94: 33 | L94: 52 | M94: RD | N94: POM | O94: TRUE | Y94: =IFERROR(AB94*AA94,0) -> 0 | AA94: =AD94 | AB94: 28 | AC94: =IFERROR(VLOOKUP(B94,vlookup!$A$16:$A$150,1,FALSE),"") -> ASSY_59Z006-T00D | AD94: =IFERROR(VLOOKUP(B94,vlookup!$A$16:$G$150,11,FALSE),"")
A95: 10.21.50179G | B95: 7187903970+7187904070 | D95: CH | F95: FALSE | I95: 1 | J95: 97 | K95: 100 | L95: 65 | M95: YE | N95: POM | O95: TRUE | Y95: =IFERROR(AB95*AA95,0) -> 0 | AA95: =AD95 | AB95: 28 | AC95: =IFERROR(VLOOKUP(B95,vlookup!$A$16:$A$150,1,FALSE),"") -> 7187903970+7187904070 | AD95: =IFERROR(VLOOKUP(B95,vlookup!$A$16:$G$150,11,FALSE),"")
A96: 10.21.77159A | B96: X1PO2539 | D96: CH | E96: 26/20/35, РЯЗАНЕ, СИН, ДЕРЛИН | F96: FALSE | I96: 1 | J96: 120 | K96: 100 | L96: 70 | M96: WH | N96: POM | O96: TRUE | Y96: =IFERROR(AB96*AA96,0) -> 0 | AA96: =AD96 | AB96: 28 | AC96: =IFERROR(VLOOKUP(B96,vlookup!$A$16:$A$150,1,FALSE),"") | AD96: =IFERROR(VLOOKUP(B96,vlookup!$A$16:$G$150,11,FALSE),"")
A97: 10.21.80727A | B97: 7009741102 | D97: CH | F97: FALSE | I97: 1 | J97: 43 | K97: 40 | L97: 50 | M97: WH | N97: POM | O97: TRUE | Y97: =IFERROR(AB97*AA97,0) -> 0 | AA97: =AD97 | AB97: 28 | AC97: =IFERROR(VLOOKUP(B97,vlookup!$A$16:$A$150,1,FALSE),"") | AD97: =IFERROR(VLOOKUP(B97,vlookup!$A$16:$G$150,11,FALSE),"")
A98: 10.21.83671_B | B98: 71196683+7173344320+7173807630 | D98: CH | F98: FALSE | I98: 1 | J98: 61 | K98: 50 | L98: 87 | M98: WH | N98: POM | O98: TRUE | Y98: =IFERROR(AB98*AA98,0) -> 0 | AA98: =AD98 | AB98: 28 | AC98: =IFERROR(VLOOKUP(B98,vlookup!$A$16:$A$150,1,FALSE),"") | AD98: =IFERROR(VLOOKUP(B98,vlookup!$A$16:$G$150,11,FALSE),"")
A99: 10.21.35125A | B99: 7289063430 | D99: CH | F99: FALSE | I99: 1 | J99: 54 | K99: 44 | L99: 47 | M99: BK | N99: POM | O99: TRUE | Y99: =IFERROR(AB99*AA99,0) -> 0 | AA99: =AD99 | AB99: 28 | AC99: =IFERROR(VLOOKUP(B99,vlookup!$A$16:$A$150,1,FALSE),"") | AD99: =IFERROR(VLOOKUP(B99,vlookup!$A$16:$G$150,11,FALSE),"")
A100: 10.21.83685A | B100: 7289808930+7274153930 | D100: CH | F100: FALSE | I100: 1 | J100: 80 | K100: 60 | L100: 58 | M100: BK | N100: POM | O100: TRUE | Y100: =IFERROR(AB100*AA100,0) -> 0 | AA100: =AD100 | AB100: 28 | AC100: =IFERROR(VLOOKUP(B100,vlookup!$A$16:$A$150,1,FALSE),"") | AD100: =IFERROR(VLOOKUP(B100,vlookup!$A$16:$G$150,11,FALSE),"")
...

Sheet vlookup
A1: code | B1: name | C1: qty | D1: result code | E1: qty
A2: 323 | B2: test | C2: 3 | D2: =VLOOKUP(A2, $E$2:$E$15, 1, FALSE) -> #N/A | E2: 3
A3: 33323 | B3: test1 | C3: 4 | D3: =VLOOKUP(A3, $E$2:$E$15, 1, FALSE) -> #N/A
A4: 444 | B4: test2 | C4: 5 | D4: =VLOOKUP(A4, $E$2:$E$15, 1, FALSE) -> #N/A | E4: 5
A5: 5 | B5: oo | C5: 3 | D5: =VLOOKUP(A5, $E$2:$E$15, 1, FALSE) -> 5 | E5: 4
D6: =VLOOKUP(A6, $E$2:$E$15, 1, FALSE) -> #N/A | E6: 3
A7: 324444 | B7: test4 | C7: 66 | D7: =VLOOKUP(A7, $E$2:$E$15, 1, FALSE) -> #N/A
D8: =VLOOKUP(A8, $E$2:$E$15, 1, FALSE) -> #N/A | E8: 3
D9: =VLOOKUP(A9, $E$2:$E$15, 1, FALSE) -> #N/A
D10: =VLOOKUP(A10, $E$2:$E$15, 1, FALSE) -> #N/A
D11: =VLOOKUP(A11, $E$2:$E$15, 1, FALSE) -> #N/A
D12: =VLOOKUP(A12, $E$2:$E$15, 1, FALSE) -> #N/A
D13: =VLOOKUP(A13, $E$2:$E$15, 1, FALSE) -> #N/A
D14: =VLOOKUP(A14, $E$2:$E$15, 1, FALSE) -> #N/A
A15: name | D15: type | E15: sc35h | F15: sc35h true | G15: qty | I15: batch | J15: stock
A16: 7003756102 | B16: original | C16: ok | D16: ch | G16: 1 | H16: =G16*28 -> 28 | I16: 19
A17: 7035964930 | B17: original | C17: ok | D17: ch | G17: 1 | H17: =G17*28 -> 28
A18: 7035990430 | B18: original | C18: gr | D18: ch | G18: 2 | H18: =G18*28 -> 56 | I18: 19
A19: 7035990930 | B19: original | C19: gr | D19: ch | G19: 1 | H19: =G19*28 -> 28 | I19: 19
A20: 7047052330D_DP | B20: original | C20: clip db | D20: clip | G20: 2 | H20: =G20*28 -> 56 | I20: 20
A21: 7047135830S_DP | B21: original | C21: clip db | D21: clip | G21: 1 | H21: =G21*28 -> 28 | I21: 20
A22: 7047186030 | B22: original | C22: clip | D22: clip | G22: 30 | H22: =G22*28 -> 840 | I22: 19 | J22: 119 | K22: not in production
A23: 7047186030D_DP | B23: original | C23: clip db | D23: clip | G23: 1 | H23: =G23*28 -> 28 | I23: 20
A24: 7047186030S_DP | B24: original | C24: clip db | D24: clip | G24: 3 | H24: =G24*28 -> 84 | I24: 20
A25: 7047186030U_DP | B25: original | C25: clip db | D25: clip | G25: 1 | H25: =G25*28 -> 28 | I25: 20
A26: 7052161430S_DP | B26: original | C26: clip db | D26: clip | G26: 1 | H26: =G26*28 -> 28 | I26: 20
A27: 7075181330 | B27: original | C27: ok | D27: ch | G27: 1 | H27: =G27*28 -> 28
A28: 7075231930 | B28: original | C28: gr | D28: ch | G28: 1 | H28: =G28*28 -> 28 | I28: 19 | J28: 2
A29: 7075244730 | B29: original | C29: ok | D29: ch | G29: 1 | H29: =G29*28 -> 28
A30: 7118605030+7152511030 | B30: original | C30: ok | D30: ch | G30: 2 | H30: =G30*28 -> 56
A31: 71186354 | B31: original | C31: ok | D31: ch | E31: 1 | F31: C164 | G31: 2 | H31: =G31*28 -> 56 | I31: 19 | J31: 3
A32: 7118641830+7173344320 | B32: original | C32: ok | D32: ch | G32: 1 | H32: =G32*28 -> 28
A33: 71186683+7173344320 | B33: original | C33: ok | D33: ch | E33: 1 | G33: 2 | H33: =G33*28 -> 56 | K33: add numbering
A34: 7118670020 | B34: original | C34: ok | D34: ch | E34: 1 | F34: C167 | G34: 2 | H34: =G34*28 -> 56 | I34: 19
A35: 7119101830+7274131020 | B35: original | C35: ok | D35: ch | G35: 1 | H35: =G35*28 -> 28
A36: 7119127830+7234894130A | B36: original | C36: ok | D36: ch | G36: 1 | H36: =G36*28 -> 28
A37: 7119131530 | B37: original | C37: ok | D37: ch | E37: 1 | G37: 3 | H37: =G37*28 -> 84 | I37: 19
A38: 7119140530+7119140640+72741359 | B38: original | C38: ok | D38: ch | G38: 2 | H38: =G38*28 -> 56
A39: 7119146730 | B39: original | C39: ok | D39: ch | E39: 1 | G39: 1 | H39: =G39*28 -> 28
A40: 7119163630 | B40: original | C40: ok | D40: ch | E40: 1 | G40: 4 | H40: =G40*28 -> 112
A41: 7119172930 | B41: original | C41: ok | D41: ch | E41: 1 | G41: 1 | H41: =G41*28 -> 28
A42: 71191993 | B42: original | C42: ok | D42: ch | E42: 1 | G42: 1 | H42: =G42*28 -> 28 | I42: 19
A43: 7119639830 | B43: original | C43: ok | D43: ch | E43: 1 | G43: 1 | H43: =G43*28 -> 28
A44: 71196401 | B44: original | C44: ok | D44: ch | E44: 1 | G44: 1 | H44: =G44*28 -> 28 | I44: 19
A45: 7119641970 | B45: original | C45: ok | D45: ch | E45: 1 | G45: 1 | H45: =G45*28 -> 28
A46: 7119648630+7274171430A | B46: original | C46: ok | D46: ch | G46: 1 | H46: =G46*28 -> 28
A47: 71196506 | B47: original | C47: ok | D47: ch | E47: 1 | G47: 1 | H47: =G47*28 -> 28
A48: 7119668820 | B48: original | C48: ok | D48: ch | E48: 1 | G48: 1 | H48: =G48*28 -> 28
A49: 7119670830+7274290770A | B49: original | C49: ok | D49: ch | G49: 3 | H49: =G49*28 -> 84
A50: 71196714 | B50: original | C50: ok | D50: ch | E50: 1 | G50: 1 | H50: =G50*28 -> 28
A51: 7147882430D_DP | B51: original | C51: clip db | D51: clip | G51: 1 | H51: =G51*28 -> 28 | I51: 20
A52: 7147882430 | B52: original | C52: clip | D52: clip | G52: 6 | H52: =G52*28 -> 168 | I52: 19 | J52: 19 | K52: not in production
A53: 7177097330 (LEFT) | B53: original | C53: special | D53: ch | G53: 1 | H53: =G53*28 -> 28
A54: 7177097330 (RIGHT) | B54: original | C54: special | D54: ch | G54: 1 | H54: =G54*28 -> 28
A55: 71781227 | B55: original | C55: ok | D55: ch | E55: 1 | G55: 1 | H55: =G55*28 -> 28
A56: 71782472 | B56: original | C56: ok | D56: ch | E56: 1 | G56: 1 | H56: =G56*28 -> 28
A57: 7178270480 | B57: original | C57: ok | D57: ch | G57: 1 | H57: =G57*28 -> 28
A58: 7183288530+7183288630+72742612A | B58: original | C58: ok | D58: ch | G58: 2 | H58: =G58*28 -> 56
A59: 7183753630 | B59: original | C59: ok | D59: ch | E59: 1 | G59: 1 | H59: =G59*28 -> 28
A60: 7185173030+7185173130+72742608 | B60: original | C60: ok | D60: ch | G60: 1 | H60: =G60*28 -> 28
A61: 7187903970/904070+7274060970A | B61: original | C61: special | D61: ch | G61: 1 | H61: =G61*28 -> 28
A62: 7187903970+7187904070 | B62: original | C62: ok | D62: ch | G62: 1 | H62: =G62*28 -> 28
A63: 71884821+7134425740 | B63: original | C63: ok | D63: ch | E63: 1 | G63: 1 | H63: =G63*28 -> 28 | I63: 19 | J63: 1
A64: 7189482930+72741357 | B64: original | C64: ok | D64: ch | G64: 1 | H64: =G64*28 -> 28
A65: 7189663170 | B65: original | C65: ok | D65: ch | G65: 2 | H65: =G65*28 -> 56
A66: 7189668330+7274135020A | B66: original | C66: ok | D66: ch | G66: 1 | H66: =G66*28 -> 28
A67: 7189668330+7274136090A | B67: original | C67: ok | D67: ch | G67: 1 | H67: =G67*28 -> 28
A68: 71897277 | B68: original | C68: ok | D68: ch | E68: 1 | G68: 1 | H68: =G68*28 -> 28 | I68: 19
A69: 7189730210+7274146260A | B69: original | C69: ok | D69: ch | G69: 1 | H69: =G69*28 -> 28
A70: 7189811530+7289811830+72741554 | B70: original | C70: ok | D70: ch | G70: 1 | H70: =G70*28 -> 28
A71: 71899503 | B71: original | C71: ok | D71: ch | E71: 1 | G71: 2 | H71: =G71*28 -> 56 | I71: 19
A72: 7189982830 | B72: original | C72: ok | D72: ch | E72: 1 | G72: 1 | H72: =G72*28 -> 28
A73: 71979512 | B73: original | C73: ok | D73: ch | G73: 1 | H73: =G73*28 -> 28
A74: 7198277430+7198277530+72741954 | B74: original | C74: ok | D74: ch | G74: 1 | H74: =G74*28 -> 28
A75: 7198599230 | B75: original | C75: ok | D75: ch | G75: 1 | H75: =G75*28 -> 28
A76: 71986562 | B76: original | C76: ok | D76: ch | G76: 1 | H76: =G76*28 -> 28
A77: 7198762530+7198600430+7274261190A | B77: original | C77: ok | D77: ch | G77: 2 | H77: =G77*28 -> 56
A78: 7198762530+7198600430+72743034 | B78: original | C78: ok | D78: ch | G78: 1 | H78: =G78*28 -> 28
A79: 7198774930+7198947430+72742908 | B79: original | C79: ok | D79: ch | G79: 2 | H79: =G79*28 -> 56
A80: 71987958A | B80: original | C80: ok | D80: ch | G80: 2 | H80: =G80*28 -> 56
A81: 7198796290 | B81: original | C81: ok | D81: ch | E81: 1 | G81: 2 | H81: =G81*28 -> 56 | I81: 19
A82: 71988082 | B82: original | C82: ok | D82: ch | E82: 1 | G82: 1 | H82: =G82*28 -> 28 | I82: 19 | J82: 1
A83: 7198809140+7274268930 | B83: original | C83: ok | D83: ch | G83: 1 | H83: =G83*28 -> 28
A84: 7198916130 | B84: original | C84: ok | D84: ch | E84: 1 | G84: 1 | H84: =G84*28 -> 28
A85: 71989162 | B85: original | C85: ok | D85: ch | E85: 1 | G85: 3 | H85: =G85*28 -> 84 | I85: 19 | J85: 65
A86: 7198948560 | B86: original | C86: ok | D86: ch | E86: 1 | G86: 1 | H86: =G86*28 -> 28 | I86: 19
A87: 7223686530 | B87: original | C87: ok | D87: ch | E87: 1 | G87: 1 | H87: =G87*28 -> 28
A88: 7235053630 | B88: original | C88: gr | D88: ch | G88: 1 | H88: =G88*28 -> 28 | I88: 19
A89: 7247760930S_DP | B89: original | C89: clip db | D89: clip | G89: 1 | H89: =G89*28 -> 28 | I89: 20
A90: 7247761330U_DP | B90: original | C90: clip db | D90: clip | G90: 1 | H90: =G90*28 -> 28 | I90: 20
A91: 7247781230S_DP | B91: original | C91: clip db | D91: clip | G91: 1 | H91: =G91*28 -> 28 | I91: 20
A92: 7247781730 | B92: original | C92: clip | D92: clip | G92: 2 | H92: =G92*28 -> 56 | I92: 19 | J92: 5
A93: 72478572U_DP | B93: original | C93: clip db | D93: clip | G93: 1 | H93: =G93*28 -> 28 | I93: 20
A94: 7252726530 | B94: original | C94: clip | D94: clip | G94: 2 | H94: =G94*28 -> 56 | I94: 19 | J94: 3
A95: 7252779130 | B95: original | C95: clip | D95: clip | G95: 2 | H95: =G95*28 -> 56 | I95: 19 | J95: 12 | K95: not in production
A96: 7252779130D_DP | B96: original | C96: clip db | D96: clip | G96: 1 | H96: =G96*28 -> 28 | I96: 20
A97: 7252779130S_DP | B97: original | C97: clip db | D97: clip | G97: 1 | H97: =G97*28 -> 28 | I97: 20
A98: 7252785330 | B98: original | C98: clip | D98: clip | G98: 13 | H98: =G98*28 -> 364 | I98: 19 | J98: 40 | K98: not in production
A99: 7252785330D_DP | B99: original | C99: clip db | D99: clip | G99: 3 | H99: =G99*28 -> 84 | I99: 20
A100: 7252785330S_DP | B100: original | C100: clip db | D100: clip | G100: 1 | H100: =G100*28 -> 28 | I100: 20
...

Sheet H248ClipPosition
A1: Указание за монтаж на клипс-холдър - H248 LHD
A2: name | B2: qtyx1 | C2: qtyx28 | D2: assembly_position | E2: status
A3: 7047052330D_DP | B3: 2 | C3: =B3*28 -> 56 | D3: Down
A4: 7047135830S_DP | B4: 1 | C4: =B4*28 -> 28 | D4: Side
A5: 7047186030D | B5: 14 | C5: =B5*28 -> 392 | D5: Down
A6: 7047186030D_DP | B6: 1 | C6: =B6*28 -> 28 | D6: Down
A7: 7047186030S | B7: 15 | C7: 448 | D7: Side
A8: 7047186030S_DP | B8: 3 | C8: =B8*28 -> 84 | D8: Side
A9: 7047186030U_DP | B9: 1 | C9: =B9*28 -> 28 | D9: Up
A10: 7052161430S_DP | B10: 1 | C10: =B10*28 -> 28 | D10: Side
A11: 7147882430D | B11: 1 | C11: =B11*28 -> 28 | D11: Down
A12: 7147882430D_DP | B12: 1 | C12: =B12*28 -> 28 | D12: Down
A13: 7147882430S | B13: 5 | C13: =B13*28 -> 140 | D13: Side
A14: 7247760930S_DP | B14: 1 | C14: =B14*28 -> 28 | D14: Side
A15: 7247761330U_DP | B15: 1 | C15: =B15*28 -> 28 | D15: Up
A16: 7247781230S_DP | B16: 1 | C16: =B16*28 -> 28 | D16: Side
A17: 7247781730U | B17: 2 | C17: =B17*28 -> 56 | D17: Up
A18: 72478572U_DP | B18: 1 | C18: =B18*28 -> 28 | D18: Up
A19: 7252726530D | B19: 2 | C19: =B19*28 -> 56 | D19: Down
... A31: 7252815130U | B31: 8 | C31: =B31*28 -> 224 | D31: Up

Sheet H248_SC35H
A1: Указание за монтаж на SC35H - H248 LHD
A2: name | B2: qtyx1 | C2: qtyx28 | D2: Zone | E2: status
A3: 71186354 | B3: 1 | C3: =Table2123[[#This Row],[qtyx1]]*28 -> 28 | D3: C164
A4: 71186683+7173344320 | B4: 2 | C4: =Table2123[[#This Row],[qtyx1]]*28 -> 56
A5: 7118670020 | B5: 1 | C5: =Table2123[[#This Row],[qtyx1]]*28 -> 28 | D5: C167
A6: 7119131530 | B6: 3 | C6: =Table2123[[#This Row],[qtyx1]]*28 -> 84
A7: 7119146730 | B7: 1 | C7: =Table2123[[#This Row],[qtyx1]]*28 -> 28
A8: 7119163630 | B8: 4 | C8: =Table2123[[#This Row],[qtyx1]]*28 -> 112
A9: 7119172930 | B9: 1 | C9: =Table2123[[#This Row],[qtyx1]]*28 -> 28
A10: 71191993 | B10: 1 | C10: =Table2123[[#This Row],[qtyx1]]*28 -> 28
A11: 7119639830 | B11: 1 | C11: =Table2123[[#This Row],[qtyx1]]*28 -> 28
A12: 71196401 | B12: 1 | C12: =Table2123[[#This Row],[qtyx1]]*28 -> 28
A13: 7119641970 | B13: 1 | C13: =Table2123[[#This Row],[qtyx1]]*28 -> 28
A14: 71196506 | B14: 1 | C14: =Table2123[[#This Row],[qtyx1]]*28 -> 28
A15: 7119668820 | B15: 1 | C15: =Table2123[[#This Row],[qtyx1]]*28 -> 28
A16: 71196714 | B16: 1 | C16: =Table2123[[#This Row],[qtyx1]]*28 -> 28
A17: 71781227 | B17: 1 | C17: =Table2123[[#This Row],[qtyx1]]*28 -> 28
... A19: 7183753630 | B19: 1 | C19: =Table2123[[#This Row],[qtyx1]]*28 -> 28
A20: 71884821+7134425740 | B20: 1 | C20: =Table2123[[#This Row],[qtyx1]]*28 -> 28
A21: 71897277 | B21: 1 | C21: =Table2123[[#This Row],[qtyx1]]*28 -> 28
A22: 71899503 | B22: 2 | C22: =Table2123[[#This Row],[qtyx1]]*28 -> 56
A23: 7189982830 | B23: 1 | C23: =Table2123[[#This Row],[qtyx1]]*28 -> 28
A24: 7198796290 | B24: 2 | C24: =Table2123[[#This Row],[qtyx1]]*28 -> 56
A25: 71988082 | B25: 1 | C25: =Table2123[[#This Row],[qtyx1]]*28 -> 28
A26: 7198916130 | B26: 1 | C26: =Table2123[[#This Row],[qtyx1]]*28 -> 28
A27: 71989162 | B27: 3 | C27: =Table2123[[#This Row],[qtyx1]]*28 -> 84
A28: 7198948560 | B28: 1 | C28: =Table2123[[#This Row],[qtyx1]]*28 -> 28
A29: 7223686530 | B29: 1 | C29: =Table2123[[#This Row],[qtyx1]]*28 -> 28
A30: 7278246930 | B30: 2 | C30: =Table2123[[#This Row],[qtyx1]]*28 -> 56
A31: 7289896430 | B31: 1 | C31: =Table2123[[#This Row],[qtyx1]]*28 -> 28
A32: 7297944190 | B32: 2 | C32: =Table2123[[#This Row],[qtyx1]]*28 -> 56
... A34: 7298949030 | B34: 1 | C34: =Table2123[[#This Row],[qtyx1]]*28 -> 28
A35: ASSY_123024542 | B35: 2 | C35: =Table2123[[#This Row],[qtyx1]]*28 -> 56
A36: ASSY_59Z006-T00D | B36: 1 | C36: =Table2123[[#This Row],[qtyx1]]*28 -> 28
A37: ASSY_59Z063DC0A | B37: 1 | C37: =Table2123[[#This Row],[qtyx1]]*28 -> 28
A38: ASSY_59Z063DC0C | B38: 1 | C38: =Table2123[[#This Row],[qtyx1]]*28 -> 28
A39: ASSY_CA288A15199XXX | B39: 2 | C39: =Table2123[[#This Row],[qtyx1]]*28 -> 56
A40: ASSY_CA288A25199XXX | B40: 2 | C40: =Table2123[[#This Row],[qtyx1]]*28 -> 56
A41: ASSY_E6Z017DC1C | B41: 1 | C41: =Table2123[[#This Row],[qtyx1]]*28 -> 28
A42: ASSY_PPI0001107+ASSY_PPI0001651+ASSY_PPI0001652 | B42: 4 | C42: =Table2123[[#This Row],[qtyx1]]*28 -> 112

Sheet h248LL
A1: job_order_id | B1: job_order_number | C1: ma_number | D1: name | E1: type_id | F1: batch_id | G1: quantity | H1: cut | I1: cnc | J1: assembly | K1: qc
A2: 1446 | B2: 262580 | C2: 10.21.77069A | D2: ASSY_AMZ040C00D | E2: 7 | F2: 19 | G2: 28 | H2: not passed | I2: not passed | J2: not passed | K2: not passed
A3: 1476 | B3: 262609 | C3: 10.21.75459A | D3: 7252785330 | E3: 25 | F3: 20 | G3: 112 | H3: not passed | I3: not passed | J3: not passed | K3: not passed
A4: 1470 | B4: 262603 | C4: 10.21.72843E | D4: 7147882430 | E4: 25 | F4: 20 | G4: 28 | H4: not passed | I4: not passed | J4: not passed | K4: not passed
A5: 1457 | B5: 262591 | C5: 10.21.77174A | D5: 7035990430 | E5: 7 | F5: 19 | G5: 56 | H5: not passed | I5: not passed | J5: not passed | K5: not passed
A6: 1449 | B6: 262583 | C6: 10.21.08826 | D6: 7047186030 | E6: 25 | F6: 19 | G6: 840 | H6: not passed | I6: not passed | J6: not passed | K6: not passed
A7: 1431 | B7: 262565 | C7: 10.21.73031A | D7: 7198796290 | E7: 7 | F7: 19 | G7: 56 | H7: not passed | I7: not passed | J7: not passed | K7: not passed
A8: 1469 | B8: 262602 | C8: 10.21.96572A | D8: 7052161430 | E8: 25 | F8: 20 | G8: 28 | H8: not passed | I8: not passed | J8: not passed | K8: not passed
A9: 1454 | B9: 262588 | C9: 10.21.96697 | D9: 7252785330 | E9: 25 | F9: 19 | G9: 364 | H9: not passed | I9: not passed | J9: not passed | K9: not passed
A10: 1444 | B10: 262578 | C10: 10.21.73076A | D10: ASSY_AMZ005000F/ASSY_AMZ005DC0F | E10: 7 | F10: 19 | G10: 28 | H10: not passed | I10: not passed | J10: not passed | K10: not passed
A11: 1442 | B11: 262576 | C11: 10.21.73067A | D11: ASSY_AMZ005DC0C | E11: 7 | F11: 19 | G11: 56 | H11: not passed | I11: not passed | J11: not passed | K11: not passed
A12: 1436 | B12: 262570 | C12: 10.21.76987A | D12: 72897304 | E12: 7 | F12: 19 | G12: 56 | H12: not passed | I12: not passed | J12: not passed | K12: not passed
A13: 1461 | B13: 262595 | C13: 10.21.77091A | D13: 7003756102 | E13: 7 | F13: 19 | G13: 28 | H13: not passed | I13: not passed | J13: not passed | K13: not passed
... A54: 1437 | B54: 262571 | C54: 10.21.76981A | D54: 7297944190 | E54: 7 | F54: 19 | G54: 56 | H54: not passed | I54: not passed | J54: not passed | K54: not passed

Sheet sa_mma_3
A1: pon | B1: family | C1: name | D1: ma | E1: qty
A2: I10123 | B2: ANTENNAS SPOT TAPE | C2: ASSY_123024501+ASSY_023024521 | E2: 10
A3: I10123 | B3: ANTENNAS SPOT TAPE | C3: WAVES_3 | D3: additional sheet | E3: 6
A4: I10123 | B4: ANTENNAS SPOT TAPE | C4: SB60 | E4: 1
A5: I10123 | B5: ANTENNAS SPOT TAPE | C5: SB40 | E5: 1
A6: I10123 | B6: ANTENNAS SPOT TAPE | C6: SB70 | E6: 2
A7: I10123 | B7: ANTENNAS SPOT TAPE | C7: SB90 | E7: 3
A8: I10123 | B8: ANTENNAS SPOT TAPE | C8: SB41 | E8: 1
A9: I10123 | B9: ANTENNAS SPOT TAPE | C9: SB50 | E9: 2
A10: I10123 | B10: ANTENNAS SPOT TAPE | C10: SA90_B | E10: 2
A11: I10123 | B11: ANTENNAS SPOT TAPE | C11: WIRE HOLDER U/D 6 | D11: additional sheet | E11: 4
A12: I10124 | B12: C-SUB02_A | C12: 2C09C4 | E12: 2
A13: I10124 | B13: C-SUB02_A | C13: 2C12C4 | E13: 3
A14: I10124 | B14: C-SUB02_A | C14: 2A12C4 | E14: 2
A15: I10124 | B15: C-SUB02_A | C15: 1A12D4 | E15: 1
A16: I10124 | B16: C-SUB02_A | C16: SC35H | E16: 6
A17: I10124 | B17: C-SUB02_A | C17: WRFT10 | E17: 1
A18: I10124 | B18: C-SUB02_A | C18: 3C1212C4 | E18: 1
A19: I10124 | B19: C-SUB02_A | C19: QL08 | E19: 1
A20: I10124 | B20: C-SUB02_A | C20: 2A09B4 | E20: 1
A21: I10124 | B21: C-SUB02_A | C21: 7298677930 | D21: 10.21.76980B | E21: 1
A22: I10124 | B22: C-SUB02_A | C22: 7298949030 | D22: 10.21.76979B | E22: 1
A23: I10124 | B23: C-SUB02_A | C23: 7298913330 | D23: 10.21.76963A | E23: 1
A24: I10124 | B24: C-SUB02_A | C24: ASSY_118021051 | D24: 10.21.76965A | E24: 2
A25: I10124 | B25: C-SUB02_A | C25: 7297913630 | E25: 1
A26: I10124 | B26: C-SUB02_A | C26: 7298948930 | D26: 10.21.72976A | E26: 1
A27: I10124 | B27: C-SUB02_A | C27: 7297914930 | E27: 1
A28: I10125 | B28: C-SUB23 | C28: SA90_B | E28: 1
A29: I10125 | B29: C-SUB23 | C29: WRFT10 | D29: 10.78.11960 | E29: 1
A30: I10125 | B30: C-SUB23 | C30: ASSY_123024501+ASSY_023024521 | E30: 4
A31: I10125 | B31: C-SUB23 | C31: 2C12C4 | E31: 1

Sheet pivot_sa_mma_3
G27: Sum of qty | H27: Column Labels
F28: ma | G28: Row Labels | H28: I10123 | I28: I10124 | J28: I10125 | K28: Grand Total
G29: 1A12D4 | I29: 1 | K29: 1
G30: 2A09B4 | I30: 1 | K30: 1
G31: 2A12C4 | I31: 2 | K31: 2
G32: 2C09C4 | I32: 2 | K32: 2
G33: 2C12C4 | I33: 3 | J33: 1 | K33: 4
G34: 3C1212C4 | I34: 1 | K34: 1
F35: 10.21.77088A | G35: 7297914930 | I35: 1 | K35: 1
F36: 10.21.76980B | G36: 7298677930 | I36: 1 | K36: 1
F37: 10.21.76963A | G37: 7298913330 | I37: 1 | K37: 1
F38: 10.21.72976A | G38: 7298948930 | I38: 1 | K38: 1
F39: 10.21.76979B | G39: 7298949030 | I39: 1 | K39: 1
F40: 10.21.76965A | G40: ASSY_118021051 | I40: 2 | K40: 2
F41: 10.21.97224 | G41: ASSY_123024501+ASSY_023024521 | H41: 10 | J41: 4 | K41: 14
G42: QL08 | I42: 1 | K42: 1
G43: SA90_B | H43: 2 | J43: 1 | K43: 3
G44: SB40 | H44: 1 | K44: 1
G45: SB41 | H45: 1 | K45: 1
G46: SB50 | H46: 2 | K46: 2
G47: SB60 | H47: 1 | K47: 1
G48: SB70 | H48: 2 | K48: 2
G49: SB90 | H49: 3 | K49: 3
G50: SC35H | I50: 6 | K50: 6
G51: WAVES_3 | H51: 6 | K51: 6
G52: WIRE HOLDER U/D 6 | H52: 4 | K52: 4
F53: 10.78.11960 | G53: WRFT10 | I53: 1 | J53: 1 | K53: 2
F54: 10.21.77146A | G54: 7297913630 | I54: 1 | K54: 1
G55: Grand Total | H55: 32 | I55: 26 | J55: 7 | K55: 65

Sheet batchs
A1: batch_id | B1: project_description | C1: is_active | D1: remark
A2: 1 | B2: I10017Rev01 - 15jb | C2: TRUE
A3: 2 | B3: I10017Rev01 - 15jb | C3: TRUE
A4: 3 | B4: I10017Rev01 - 15jb | C4: TRUE
A5: 4 | B5: I10017Rev01 - 15jb | C5: TRUE
A6: 5 | B6: I10017Rev01 - 15jb | C6: TRUE
A7: 6 | B7: I10017Rev01 - 15jb | C7: TRUE
A8: 7 | B8: rest 11 jb | C8: TRUE
A9: 8 | B9: engine H248 1 jb | C9: TRUE | D9: I10073
A10: 9 | B10: engine H248 1 jb | C10: TRUE | D10: I10073
A11: 10 | B11: main RHD+LHD H248 x 1jb | C11: TRUE | D11: I10074/5
A12: 11 | B12: main RHD+LHD H248 x 1jb | C12: TRUE | D12: I10074/5
A13: 12 | B13: main RHD+LHD H248 x 1jb | C13: TRUE | D13: I10074/5
A14: 13 | B14: engine H248 1 jb | C14: TRUE
A15: 14 | B15: main RHD+LHD H248 x 1jb | C15: TRUE | D15: I10074/5
A16: 66 | B16: test
A17: 15 | B17: I10017Rev01 - 15jb | C17: TRUE | D17: additional
A18: 16 | B18: I10017Rev01 - 15jb | C18: TRUE | D18: additional
A19: 17 | B19: main RHD+LHD H248 | C19: TRUE | D19: additional
A20: 99 | B20: test | C20: TRUE | D20: testing
A21: 18 | B21: Engine H248 16jb | C21: TRUE | D21: I10129
A22: 19 | B22: Main LHD H248 28jb | C22: FALSE | D22: I10130
A23: 20 | B23: Main LHD H248 28jb | C23: FALSE | D23: I10130

Sheet х248 миссинг
A3: 10.21.89505A | B3: 71186683+7173344320 | D3: CH | F3: FALSE | I3: 1 | J3: 73 | K3: 74 | L3: 65 | M3: WH | N3: POM | O3: TRUE | X3: 10 | Y3: =AI3*AH3 -> 4 | AB3: 95 | AC3: 16 | AD3: holder | AE3: TRUE | AH3: 4 | AI3: 1 | AJ3: 0 | AL3: 1
A4: 10.21.77121A | B4: 7118670020 | D4: CH | F4: FALSE | I4: 1 | J4: 50 | K4: 47 | L4: 51 | M4: RD | N4: POM | O4: TRUE | X4: 10 | Y4: =AI4*AH4 -> 4 | AB4: 176 | AC4: 10 | AD4: holder | AE4: TRUE | AH4: 4 | AI4: 1 | AJ4: 0
A5: 10.21.27914A | B5: 7119101830+7274131020A | D5: CH | F5: FALSE | I5: 1 | J5: 56 | K5: 48 | L5: 50 | M5: RD | N5: POM | O5: TRUE | X5: 10 | Y5: =AI5*AH5 -> 2 | AB5: 295 | AC5: 2 | AD5: holder | AH5: 2 | AI5: 1 | AJ5: 0
A6: 10.21.36860F | B6: 7119127830+7234894130A | D6: CH | F6: FALSE | I6: 1 | J6: 57 | K6: 48 | L6: 50 | M6: BK | N6: POM | O6: TRUE | V6: TRUE | X6: 10 | Y6: =AI6*AH6 -> 2 | AB6: 78 | AC6: 27 | AD6: holder | AH6: 2 | AI6: 1 | AJ6: 0
A7: 10.21.54168C | B7: 7119131530 | D7: CH | F7: FALSE | I7: 1 | J7: 42 | K7: 34 | L7: 42 | M7: BK | N7: POM | O7: TRUE | X7: 10 | Y7: =AI7*AH7 -> 6 | AB7: 93 | AC7: 26 | AD7: holder | AE7: TRUE | AH7: 6 | AI7: 1 | AJ7: 0
A8: 10.21.80751A | B8: 7119140530+7119140640+72741359A | D8: CH | F8: FALSE | I8: 1 | J8: 90 | K8: 50 | L8: 52 | M8: WH | N8: POM | O8: TRUE | V8: TRUE | X8: 10 | Y8: =AI8*AH8 -> 4 | AB8: 462 | AC8: 30 | AD8: holder | AH8: 4 | AI8: 1 | AJ8: 0
A9: 10.21.35002C | B9: 7119146730 | D9: CH | F9: FALSE | I9: 1 | J9: 42 | K9: 38 | L9: 42 | M9: BK | N9: POM | O9: TRUE | X9: 10 | Y9: =AI9*AH9 -> 2 | AB9: 116 | AC9: 13 | AD9: holder | AE9: TRUE | AH9: 2 | AI9: 1 | AJ9: 0
A10: 10.21.35003A | B10: 71191993 | C10: ? | D10: CH | F10: FALSE | I10: 1 | J10: 42 | K10: 35 | L10: 44 | M10: WH | N10: POM | O10: TRUE | X10: 10 | Y10: =AI10*AH10 -> 2 | AB10: 92 | AC10: 4 | AD10: holder | AE10: TRUE | AH10: 2 | AI10: 1 | AJ10: 0 | AL10: 1
A11: 10.21.77073A | B11: 71196180 | D11: CH | F11: FALSE | I11: 1 | J11: 40 | K11: 40 | L11: 52 | M11: WH | N11: POM | O11: TRUE | X11: 7 | Y11: =AI11*AH11 -> 1 | Z11: I10017Rev01 | AB11: 393 | AC11: 4 | AD11: holder | AH11: 1 | AI11: 1 | AJ11: 0
A12: 10.21.77045A | B12: 7183288530+7183288630+72742612 - 7119632530+7119632630+72742614A | D12: CH | F12: FALSE | I12: 1 | J12: 82 | K12: 77 | L12: 52 | M12: WH | N12: POM | O12: TRUE | Y12: =AI12*AH12 -> 0 | Z12: I10017Rev01 | AB12: 396 | AC12: 9 | AD12: holder | AH12: 1 | AJ12: 0
A13: 10.21.83680A | B13: 7119639830 | D13: CH | F13: FALSE | I13: 1 | J13: 46 | K13: 40 | L13: 48 | M13: BK | N13: POM | O13: TRUE | X13: 10 | Y13: =AI13*AH13 -> 2 | AB13: 286 | AC13: 4 | AD13: holder | AE13: TRUE | AH13: 2 | AI13: 1 | AJ13: 0
A14: 10.21.36271A | B14: 71196401 | D14: CH | F14: FALSE | I14: 1 | J14: 42 | K14: 39 | L14: 46 | M14: WH | N14: POM | O14: TRUE | X14: 10 | Y14: =AI14*AH14 -> 2 | AB14: 285 | AC14: 4 | AD14: holder | AE14: TRUE | AH14: 2 | AI14: 1 | AJ14: 0
A15: 10.21.83709A | B15: 7119641970 | D15: CH | F15: FALSE | I15: 1 | J15: 42 | K15: 36 | L15: 46 | M15: YE | N15: POM | O15: TRUE | X15: 10 | Y15: =AI15*AH15 -> 2 | AB15: 491 | AC15: 28 | AD15: holder | AE15: TRUE | AH15: 2 | AI15: 1 | AJ15: 0
A16: 10.21.47236A | B16: 71196506 | D16: CH | F16: FALSE | I16: 1 | J16: 42 | K16: 33 | L16: 47 | M16: WH | N16: POM | O16: TRUE | V16: TRUE | X16: 10 | Y16: =AI16*AH16 -> 2 | AB16: 76 | AC16: 28 | AD16: holder | AE16: TRUE | AH16: 2 | AI16: 1 | AJ16: 0
A17: 10.21.83671B | B17: 71196683+7173344320+X1PO2488 | D17: CH | F17: FALSE | I17: 1 | J17: 61 | K17: 50 | L17: 87 | M17: WH | N17: POM | O17: TRUE | Y17: =AI17*AH17 -> 0 | Z17: I10017Rev01 | AB17: 177 | AC17: 22 | AD17: holder | AE17: TRUE | AH17: 1 | AJ17: 0
A18: 10.21.77085A | B18: 7119668820 | D18: CH | F18: FALSE | I18: 1 | J18: 40 | K18: 37 | L18: 52 | M18: RD | N18: POM | O18: TRUE | X18: 10 | Y18: =AI18*AH18 -> 2 | AB18: 63 | AC18: 24 | AD18: holder | AE18: TRUE | AH18: 2 | AI18: 1 | AJ18: 0
A19: 10.21.73050A | B19: 7119670830+7274290770A | D19: CH | F19: FALSE | I19: 1 | J19: 55 | K19: 67 | L19: 52 | M19: YE | N19: POM | O19: TRUE | X19: 10 | Y19: =AI19*AH19 -> 6 | AB19: 401 | AC19: 13 | AD19: holder | AH19: 6 | AI19: 1 | AJ19: 0
A20: 10.21.80748A | B20: 71196714 | D20: CH | F20: FALSE | I20: 1 | J20: 45 | K20: 38 | L20: 59 | M20: WH | N20: POM | O20: TRUE | Y20: =AI20*AH20 -> 0 | Z20: I10017Rev01 | AB20: 388 | AC20: 14 | AD20: holder | AE20: TRUE | AH20: 2 | AJ20: 0
A21: 10.21.42593A | B21: 7119648630+7274171430A | D21: CH | F21: FALSE | I21: 1 | J21: 62 | K21: 67 | L21: 60 | M21: BK | N21: POM | O21: TRUE | X21: 10 | Y21: =AI21*AH21 -> 2 | AB21: 397 | AC21: 21 | AD21: holder | AH21: 2 | AI21: 1 | AJ21: 0
A22: 10.21.77076A | B22: 71781405 | D22: CH | F22: FALSE | I22: 1 | J22: 40 | K22: 39 | L22: 45 | M22: WH | N22: POM | O22: TRUE | Y22: =AI22*AH22 -> 0 | Z22: I10017Rev01 | AB22: 404 | AD22: holder | AE22: TRUE | AJ22: 0
A23: 10.21.72974A | B23: 7183288530+7183288630+72742612A | D23: CH | F23: FALSE | I23: 1 | J23: 82 | K23: 77 | L23: 52 | M23: WH | N23: POM | O23: TRUE | X23: 10 | Y23: =AI23*AH23 -> 4 | AB23: 298 | AC23: 3 | AD23: holder | AH23: 4 | AI23: 1 | AJ23: 0
A24: 10.21.77049A | B24: 7185173030+7185173130+72742608A | D24: CH | F24: FALSE | I24: 1 | J24: 92 | K24: 75 | L24: 52 | M24: WH | N24: POM | O24: TRUE | X24: 10 | Y24: =AI24*AH24 -> 1 | AB24: 140 | AC24: 25 | AD24: holder | AH24: 1 | AI24: 1 | AJ24: 0
A25: 10.21.42674D | B25: 7187903970+7187904070+7274060970A | D25: CH | F25: FALSE | I25: 1 | J25: 92 | K25: 68 | L25: 55 | M25: YE | N25: POM | O25: TRUE | X25: 11 | Y25: =AI25*AH25 -> 2 | AB25: 180 | AC25: 16 | AD25: holder | AH25: 2 | AI25: 1 | AJ25: 0
A26: 10.21.72978A | B26: 71884821+7134425740 | D26: CH | F26: FALSE | I26: 1 | J26: 51 | K26: 51 | L26: 66 | M26: WH | N26: POM | O26: TRUE | X26: 10 | Y26: =AI26*AH26 -> 2 | AB26: 94 | AC26: 17 | AD26: holder | AE26: TRUE | AH26: 2 | AI26: 1 | AJ26: 0
A27: 10.21.83656D | B27: 7188503730+7174152230A(7177097330) | D27: CH | F27: FALSE | I27: 1 | J27: 84 | K27: 78 | L27: 49 | M27: BK | N27: POM | O27: TRUE | X27: 10 | Y27: =AI27*AH27 -> 2 | AB27: 234 | AC27: 23 | AD27: holder | AH27: 2 | AI27: 1 | AJ27: 0 | AK27: Y4317
A28: 10.21.83657E | B28: 7188503730+7174152230A(7177097330) | D28: CH | F28: FALSE | I28: 1 | J28: 84 | K28: 78 | L28: 49 | M28: BK | N28: POM | O28: TRUE | X28: 10 | Y28: =AI28*AH28 -> 2 | AB28: 205 | AC28: 8 | AD28: holder | AH28: 2 | AI28: 1 | AJ28: 0 | AK28: Y4318
A29: 10.21.35851A | B29: 7189663170 | D29: CH | F29: FALSE | I29: 1 | J29: 44 | K29: 36 | L29: 46 | M29: YE | N29: POM | O29: TRUE | X29: 10 | Y29: =AI29*AH29 -> 4 | AB29: 213 | AC29: 8 | AD29: holder | AH29: 4 | AI29: 1 | AJ29: 0
A30: 10.21.76941A | B30: 7189811530+7289811830+72741554A | D30: CH | F30: FALSE | I30: 1 | J30: 124 | K30: 76 | L30: 62 | M30: WH | N30: POM | O30: TRUE | X30: 10 | Y30: =AI30*AH30 -> 2 | AB30: 296 | AC30: 2 | AD30: holder | AH30: 2 | AI30: 1 | AJ30: 0
A31: 10.21.28074A | B31: 71899503 | D31: CH | F31: FALSE | I31: 1 | J31: 40 | K31: 32 | L31: 47 | M31: WH | N31: POM | O31: TRUE | X31: 10 | Y31: =AI31*AH31 -> 4 | AB31: 129 | AC31: 8 | AD31: holder | AE31: TRUE | AH31: 4 | AI31: 1 | AJ31: 0
A32: 10.21.76956B | B32: 7189982830 | D32: CH | F32: FALSE | I32: 1 | J32: 42 | K32: 42 | L32: 51 | M32: BK | N32: POM | O32: TRUE | X32: 10 | Y32: =AI32*AH32 -> 2 | AB32: 453 | AC32: 7 | AD32: holder | AE32: TRUE | AH32: 2 | AI32: 1 | AJ32: 0
A33: 10.21.47066D | B33: 7189668330+7274135020A | D33: CH | F33: FALSE | I33: 1 | J33: 68 | K33: 65 | L33: 50 | M33: RD | N33: POM | O33: TRUE | V33: TRUE | X33: 11 | Y33: =AI33*AH33 -> 2 | AB33: 101 | AC33: 12 | AD33: holder | AH33: 2 | AI33: 1 | AJ33: 0
A34: 10.21.47047D | B34: 7189668330+7274136090A | D34: CH | F34: FALSE | I34: 1 | J34: 68 | K34: 65 | L34: 52 | M34: BL | N34: POM | O34: TRUE | V34: TRUE | X34: 11 | Y34: =AI34*AH34 -> 2 | AB34: 101 | AC34: 12 | AD34: holder | AH34: 2 | AI34: 1 | AJ34: 0
A35: 10.21.47065D | B35: 7189730210+7274146260A | D35: CH | F35: FALSE | I35: 1 | J35: 68 | K35: 65 | L35: 50 | M35: GN | N35: POM | O35: TRUE | V35: TRUE | X35: 11 | Y35: =AI35*AH35 -> 2 | AB35: 97 | AC35: 13 | AD35: holder | AH35: 2 | AI35: 1 | AJ35: 0
A36: 10.21.96493A | B36: 71980943 | D36: CH | F36: FALSE | I36: 1 | J36: 42 | K36: 42 | L36: 46 | M36: WH | N36: POM | O36: TRUE | Y36: =AI36*AH36 -> 0 | Z36: I10017Rev01 | AB36: 506 | AC36: 7 | AD36: holder | AE36: TRUE | AJ36: 0
A37: 10.21.80753C | B37: 7198277430+7198277530+72741954A | D37: CH | F37: FALSE | I37: 1 | J37: 100 | K37: 57 | L37: 53 | M37: WH | N37: POM | O37: TRUE | X37: 10 | Y37: =AI37*AH37 -> 2 | AB37: 605 83 | AC37: 31 17 | AD37: holder | AH37: 2 | AI37: 1 | AJ37: 0
A38: 10.21.77125A | B38: 71986562 | D38: CH | F38: FALSE | I38: 1 | J38: 44 | K38: 41 | L38: 48 | M38: WH | N38: POM | O38: TRUE | X38: 10 | Y38: =AI38*AH38 -> 2 | AB38: 244 | AC38: 32 | AD38: holder | AE38: TRUE | AH38: 2 | AI38: 1 | AJ38: 0
A39: 10.21.83630A | B39: 7198762530+7198600430+7274261190A | D39: CH | F39: FALSE | I39: 1 | J39: 100 | K39: 75 | L39: 60 | M39: BL | N39: POM | O39: TRUE | X39: 10 | Y39: =AI39*AH39 -> 4 | AB39: 247, 243 | AC39: 32 | AD39: holder | AH39: 4 | AI39: 1 | AJ39: 0
A40: 10.21.80775B | B40: 7198774930+7198947430+72742908A | D40: CH | F40: FALSE | I40: 1 | J40: 106 | K40: 74 | L40: 66 | M40: WH | N40: POM | O40: TRUE | X40: 10 | Y40: =AI40*AH40 -> 4 | AB40: 189 | AC40: 12 | AD40: holder | AH40: 4 | AI40: 1 | AJ40: 0
A41: 10.21.80733A | B41: 71987958 | D41: CH | F41: FALSE | I41: 1 | J41: 80 | K41: 45 | L41: 53 | M41: WH | N41: POM | O41: TRUE | X41: 10 | Y41: =AI41*AH41 -> 4 | AB41: 425 | AC41: 8 | AD41: holder | AH41: 4 | AI41: 1 | AJ41: 0 | AN41: cnc
A42: 10.21.73031A | B42: 7198796290 | D42: CH | F42: FALSE | I42: 1 | J42: 41 | K42: 41 | L42: 42 | M42: BL | N42: POM | O42: TRUE | X42: 10 | Y42: =AI42*AH42 -> 4 | AB42: 386 | AC42: 14 | AD42: holder | AE42: TRUE | AH42: 4 | AI42: 1 | AJ42: 0
A43: 10.21.72982A | B43: 71988082 | D43: CH | F43: FALSE | I43: 1 | J43: 40 | K43: 38 | L43: 40 | M43: WH | N43: POM | O43: TRUE | X43: 10 | Y43: =AI43*AH43 -> 2 | AB43: 501 | AC43: 2 | AD43: holder | AE43: TRUE | AH43: 2 | AI43: 1 | AJ43: 0
A44: 10.21.83758A | B44: 7198809140+7274268930A | D44: CH | F44: FALSE | I44: 1 | J44: 82 | K44: 57 | L44: 54 | M44: BK | N44: POM | O44: TRUE | X44: 10 | Y44: =AI44*AH44 -> 1 | AB44: 125 | AC44: 25 | AD44: holder | AH44: 1 | AI44: 1 | AJ44: 0
A45: 10.21.80743B | B45: 7198914830+7234497030 | D45: CH | F45: FALSE | I45: 1 | J45: 68 | K45: 48 | L45: 51 | M45: BK | N45: POM | O45: TRUE | Y45: =AI45*AH45 -> 0 | Z45: I10017Rev01 | AB45: 299 | AC45: 4 | AD45: holder | AH45: 1 | AJ45: 0
A46: 10.21.77054A | B46: 7198916130 | D46: CH | F46: FALSE | I46: 1 | J46: 50 | K46: 32 | L46: 60 | M46: BK | N46: POM | O46: TRUE | X46: 10 | Y46: =AI46*AH46 -> 2 | AB46: 403 | AC46: 14 | AD46: holder | AE46: TRUE | AH46: 2 | AI46: 1 | AJ46: 0
A47: 10.21.77084A | B47: 71989162 | D47: CH | F47: FALSE | I47: 1 | J47: 48 | K47: 48 | L47: 48 | M47: WH | N47: POM | O47: TRUE | X47: 10 | Y47: =AI47*AH47 -> 6 | AB47: 192 | AC47: 20 | AD47: holder | AE47: TRUE | AH47: 6 | AI47: 1 | AJ47: 0
A48: 10.21.77047A | B48: 7198948560 | D48: CH | F48: FALSE | I48: 1 | J48: 40 | K48: 39 | L48: 41 | M48: GN | N48: POM | O48: TRUE | X48: 10 | Y48: =AI48*AH48 -> 2 | AB48: 138 | AC48: 14 | AD48: holder | AE48: TRUE | AH48: 2 | AI48: 1 | AJ48: 0
A49: 10.21.35898A | B49: 7223686530 | D49: CH | F49: FALSE | I49: 1 | J49: 41 | K49: 40 | L49: 73 | M49: BK | N49: POM | O49: TRUE | X49: 10 | Y49: =AI49*AH49 -> 2 | AB49: 148 | AC49: 25 | AD49: holder | AE49: TRUE | AH49: 2 | AI49: 1 | AJ49: 0
A50: 10.21.77160A | B50: 7271007030 | C50: X1PO2536+X1PO2299A | D50: CH | E50: 60/27/60, РЯЗАНЕ, ДЕРЛИН, БЯЛ | F50: FALSE | I50: 1 | J50: 194 | K50: 131 | L50: 80 | M50: WH | N50: POM | O50: TRUE | X50: 10 | Y50: =AI50*AH50 -> 2 | AB50: 127 | AC50: 14 | AD50: holder | AH50: 2 | AI50: 1 | AJ50: 0
A51: 10.21.47100C | B51: 7289811630+7289811730+7274166590A | D51: CH | F51: FALSE | I51: 1 | J51: 104 | K51: 84 | L51: 53 | M51: BL | N51: POM | O51: TRUE | V51: TRUE | X51: 10 | Y51: =AI51*AH51 -> 2 | AB51: 294 | AC51: 4 | AD51: holder | AH51: 2 | AI51: 1 | AJ51: 0
A52: 10.21.83783A | B52: 7278246930 | D52: CH | F52: FALSE | I52: 1 | J52: 48 | K52: 48 | L52: 63 | M52: BK | N52: POM | O52: TRUE | Y52: =AI52*AH52 -> 0 | Z52: I10017Rev01 | AB52: 282, 231 | AC52: 5, 29 | AD52: holder | AE52: TRUE | AJ52: 0
A53: 10.21.77152A | B53: 7283837230 | D53: CH | F53: FALSE | I53: 1 | J53: 42 | K53: 37 | L53: 51 | M53: BK | N53: POM | O53: TRUE | X53: 8 | Y53: =AI53*AH53 -> 1 | AB53: 496 | AC53: 31 | AD53: holder | AE53: TRUE | AH53: 1 | AI53: 1 | AJ53: 0
A54: 10.21.76940C | B54: 7289811630+7289811730+72741551A | D54: CH | F54: FALSE | I54: 1 | J54: 102 | K54: 80 | L54: 67 | M54: WH | N54: POM | O54: TRUE | V54: TRUE | X54: 10 | Y54: =AI54*AH54 -> 2 | AB54: 289 | AC54: 4 | AD54: holder | AH54: 2 | AI54: 1 | AJ54: 0
A55: 10.21.80752A | B55: 7289811630+7289811730+7274155220A | D55: CH | F55: FALSE | I55: 1 | J55: 102 | K55: 80 | L55: 55 | M55: RD | N55: POM | O55: TRUE | V55: TRUE | X55: 10 | Y55: =AI55*AH55 -> 2 | AB55: 297 | AC55: 3 | AD55: holder | AH55: 2 | AI55: 1 | AJ55: 0
A56: 10.21.47195A | B56: 7289896430 | D56: CH | F56: FALSE | I56: 1 | J56: 42 | K56: 45 | L56: 61 | M56: BK | N56: POM | O56: TRUE | X56: 10 | Y56: =AI56*AH56 -> 2 | AB56: 283 | AC56: 4 | AD56: holder | AE56: TRUE | AH56: 2 | AI56: 1 | AJ56: 0
A57: 10.21.76987A | B57: 72897304+72895207 | D57: CH | F57: FALSE | I57: 1 | J57: 55 | K57: 65 | L57: 92 | M57: WH | N57: POM | O57: TRUE | X57: 10 | Y57: =AI57*AH57 -> 4 | AB57: 206230 | AC57: 26 5 | AD57: holder | AE57: TRUE | AH57: 4 | AI57: 1 | AJ57: 0
A58: 10.21.76981A | B58: 7297944190 | D58: CH | F58: FALSE | I58: 1 | J58: 54 | K58: 51 | L58: 50 | M58: BL | N58: POM | O58: TRUE | X58: 10 | Y58: =AI58*AH58 -> 4 | AB58: 172 | AC58: 10 | AD58: holder | AE58: TRUE | AH58: 4 | AI58: 1 | AJ58: 0
A59: 10.21.73078A | B59: 72988085 | D59: CH | F59: FALSE | I59: 1 | J59: 56 | K59: 41 | L59: 78 | M59: WH | N59: POM | O59: TRUE | X59: 7 | Y59: =AI59*AH59 -> 1 | Z59: I10017Rev01 | AB59: 197 | AC59: 17 | AD59: holder | AE59: TRUE | AH59: 1 | AI59: 1 | AJ59: 0
A60: 10.21.77157A | B60: A1729821302_EYELET V2 | D60: CH | F60: FALSE | I60: 1 | J60: 54 | K60: 54 | L60: 50 | M60: WH | N60: POM | O60: TRUE | X60: 10 | Y60: =AI60*AH60 -> 8 | AB60: 203 | AC60: 8 | AD60: holder | AH60: 8 | AI60: 1 | AJ60: 0
A61: 10.21.77157_A | B61: A1729821302_EYELET V3 2-KS | D61: CH | F61: FALSE | I61: 1 | J61: 54 | K61: 54 | L61: 50 | M61: WH | N61: POM | O61: TRUE | Y61: =AI61*AH61 -> 0 | Z61: I10017Rev01 | AB61: 204 | AC61: 23 | AD61: holder | AH61: 2 | AJ61: 0
A62: 10.21.77155A | B62: A1729821302_EYELET V3 3-KS | D62: CH | F62: FALSE | I62: 1 | J62: 54 | K62: 54 | L62: 50 | M62: WH | N62: POM | O62: TRUE | X62: 10 | Y62: =AI62*AH62 -> 1 | AB62: 571 69 | AC62: 5 28 | AD62: holder | AH62: 1 | AI62: 1 | AJ62: 0
A63: 10.21.77156A | B63: A1729821302_EYELET V3 4-KS | D63: CH | F63: FALSE | I63: 1 | J63: 54 | K63: 54 | L63: 50 | M63: WH | N63: POM | O63: TRUE | X63: 10 | Y63: =AI63*AH63 -> 19 | AD63: holder | AH63: 19 | AI63: 1 | AJ63: 0
A64: 10.21.76988A | B64: ASSY_123024542 | D64: CH | F64: FALSE | I64: 1 | J64: 40 | K64: 37 | L64: 46 | M64: WH | N64: POM | O64: TRUE | X64: 10 | Y64: =AI64*AH64 -> 4 | AB64: 248, 246, 433 | AC64: 32 | AD64: holder | AE64: TRUE | AH64: 4 | AI64: 1 | AJ64: 0
A65: 10.21.76967A | B65: ASSY_123024541 | D65: CH | F65: FALSE | I65: 1 | J65: 40 | K65: 34 | L65: 44 | M65: BK | N65: POM | O65: TRUE | X65: 10 | Y65: =AI65*AH65 -> 3 | AB65: 126 | AC65: 8 | AD65: holder | AH65: 3 | AI65: 1 | AJ65: 0
A66: 10.21.35998A | B66: ASSY_59Z063DC0B | D66: CH | F66: FALSE | I66: 1 | J66: 49 | K66: 33 | L66: 44 | M66: WH | N66: POM | O66: TRUE | X66: 10 | Y66: =AI66*AH66 -> 1 | AB66: 156 | AC66: 24 | AD66: holder | AH66: 1 | AI66: 1 | AJ66: 0
A67: 10.21.27982A | B67: ASSY_59Z063DC0C | D67: CH | F67: FALSE | I67: 1 | J67: 49 | K67: 34 | L67: 44 | M67: BL | N67: POM | O67: TRUE | X67: 10 | Y67: =AI67*AH67 -> 3 | AB67: 87 | AC67: 27 | AD67: holder | AE67: TRUE | AH67: 3 | AI67: 1 | AJ67: 0
A68: 10.21.73069A | B68: ASSY_AMZ005000E/ASSY_AMZ005DC0E | D68: CH | F68: FALSE | I68: 1 | J68: 45 | K68: 37 | L68: 46 | M68: GN | N68: POM | O68: TRUE | X68: 10 | Y68: =AI68*AH68 -> 4 | AB68: 476 | AC68: 30 | AD68: holder | AH68: 4 | AI68: 1 | AJ68: 0
A69: 10.21.73067A | B69: ASSY_AMZ005DC0C | D69: CH | F69: FALSE | I69: 1 | J69: 45 | K69: 37 | L69: 46 | M69: BL | N69: POM | O69: TRUE | X69: 10 | Y69: =AI69*AH69 -> 4 | AB69: 155 | AC69: 24 | AD69: holder | AH69: 4 | AI69: 1 | AJ69: 0
A70: 10.21.77187A | B70: ASSY_AMZ005DC0D | D70: CH | F70: FALSE | I70: 1 | J70: 45 | K70: 37 | L70: 46 | M70: RD | N70: POM | O70: TRUE | X70: 10 | Y70: =AI70*AH70 -> 2 | AB70: 477 | AC70: 30 | AD70: holder | AH70: 2 | AI70: 1 | AJ70: 0
A71: 10.21.73076A | B71: ASSY_AMZ005000F/ASSY_AMZ005DC0F | D71: CH | F71: FALSE | I71: 1 | J71: 45 | K71: 40 | L71: 46 | M71: BN | N71: POM | O71: TRUE | X71: 10 | Y71: =AI71*AH71 -> 2 | AB71: 130 | AC71: 26 | AD71: holder | AH71: 2 | AI71: 1 | AJ71: 0
A72: 10.21.73073A | B72: ASSY_AMZ005DC0B | D72: CH | F72: FALSE | I72: 1 | J72: 45 | K72: 40 | L72: 46 | M72: WH | N72: POM | O72: TRUE | Y72: =AI72*AH72 -> 0 | Z72: I10017Rev01 | AB72: 153 | AC72: 24 | AD72: holder | AJ72: 0
A73: 10.21.77066A | B73: ASSY_AMZ040C00B | D73: CH | F73: FALSE | I73: 1 | J73: 45 | K73: 36 | L73: 50 | M73: WH | N73: POM | O73: TRUE | X73: 10 | Y73: =AI73*AH73 -> 4 | AB73: 174 | AC73: 11 | AD73: holder | AH73: 4 | AI73: 1 | AJ73: 0
A74: 10.21.77068A | B74: ASSY_AMZ040C00C | D74: CH | F74: FALSE | I74: 1 | J74: 45 | K74: 36 | L74: 50 | M74: BL | N74: POM | O74: TRUE | X74: 17 | Y74: =AI74*AH74 -> 1 | AB74: 163 | AC74: 24 | AD74: holder | AH74: 1 | AI74: 1 | AJ74: 0
A75: 10.21.77069A | B75: ASSY_AMZ040C00D | D75: CH | F75: FALSE | I75: 1 | J75: 45 | K75: 36 | L75: 50 | M75: RD | N75: POM | O75: TRUE | X75: 10 | Y75: =AI75*AH75 -> 2 | AB75: 165 | AC75: 25 | AD75: holder | AH75: 2 | AI75: 1 | AJ75: 0
A76: 10.21.77070A | B76: ASSY_AMZ040C00E | D76: CH | F76: FALSE | I76: 1 | J76: 45 | K76: 36 | L76: 50 | M76: GN | N76: POM | O76: TRUE | X76: 10 | Y76: =AI76*AH76 -> 2 | AB76: 175 | AC76: 25 | AD76: holder | AH76: 2 | AI76: 1 | AJ76: 0
A77: 10.21.77038A | B77: ASSY_CA288A15199XXX | D77: CH | F77: FALSE | I77: 1 | J77: 42 | K77: 37 | L77: 43 | M77: YE | N77: POM | O77: TRUE | X77: 10 | Y77: =AI77*AH77 -> 2 | AB77: 229 | AC77: 23 | AD77: holder | AE77: TRUE | AH77: 2 | AI77: 1 | AJ77: 0 | AN77: ?
A78: 10.21.77040A | B78: ASSY_CA288A25199XXX | D78: CH | F78: FALSE | I78: 1 | J78: 42 | K78: 37 | L78: 43 | M78: YE | N78: POM | O78: TRUE | X78: 10 | Y78: =AI78*AH78 -> 8 | AB78: 221 | AC78: 29 | AD78: holder | AE78: TRUE | AH78: 8 | AI78: 1 | AJ78: 0
A79: 10.21.77039A | B79: ASSY_CA288A35199XXX | D79: CH | F79: FALSE | I79: 1 | J79: 42 | K79: 37 | L79: 43 | M79: YE | N79: POM | O79: TRUE | Y79: =AI79*AH79 -> 0 | Z79: I10017Rev01 | AB79: 198 | AC79: 17 | AD79: holder | AE79: TRUE | AJ79: 0
A80: 10.21.77041A | B80: ASSY_CA288B1519XXXX | D80: CH | F80: FALSE | I80: 1 | J80: 44 | K80: 41 | L80: 50 | M80: YE | N80: POM | O80: TRUE | X80: 10 | Y80: =AI80*AH80 -> 8 | AB80: 237215 | AC80: 23 8 | AD80: holder | AH80: 8 | AI80: 1 | AJ80: 0
A81: 10.21.73066A | B81: ASSY_D4Z001DC0C | D81: CH | F81: FALSE | I81: 1 | J81: 44 | K81: 38 | L81: 47 | M81: BL | N81: POM | O81: TRUE | X81: 10 | Y81: =AI81*AH81 -> 2 | AB81: 154 | AC81: 8 25 | AD81: holder | AH81: 2 | AI81: 1 | AJ81: 0
A82: 10.21.77089A | B82: ASSY_D4K2RE1D5A5BDC/ASSY_D4K2RE1D5A5B | D82: CH | F82: FALSE | I82: 1 | J82: 39 | K82: 39 | L82: 53 | M82: WH | N82: POM | O82: TRUE | X82: 10 | Y82: =AI82*AH82 -> 2 | AB82: 387 | AC82: 14 | AD82: holder | AH82: 2 | AI82: 1 | AJ82: 0
A83: 10.21.83646A | B83: 7178270480 | C83: X1PO2348 | D83: CH | F83: FALSE | I83: 1 | J83: 83 | K83: 62 | L83: 58 | M83: BN | N83: POM | O83: TRUE | X83: 10 | Y83: =AI83*AH83 -> 2 | AB83: 478 | AC83: 31 | AD83: holder | AH83: 2 | AI83: 1 | AJ83: 0
A84: 10.21.77128A | B84: 7075226730 | C84: X1PP5707 | D84: CH | F84: FALSE | I84: 1 | J84: 75 | K84: 32 | L84: 70 | M84: BK | N84: POM | O84: TRUE | Y84: =AI84*AH84 -> 0 | Z84: I10017Rev01 | AB84: REF944 | AC84: 1 | AD84: holder | AH84: 1 | AJ84: 0
A85: 10.21.96496A | B85: X1PP5M18 | D85: CH | F85: FALSE | I85: 1 | J85: 40 | K85: 31 | L85: 58 | M85: WH | N85: POM | O85: TRUE | Y85: =AI85*AH85 -> 0 | Z85: I10017Rev01 | AB85: 579 | AC85: 23 | AD85: holder | AJ85: 0
A86: 10.21.96494A | B86: X1PP5M18 | D86: CH | F86: FALSE | I86: 1 | J86: 52 | K86: 36 | L86: 47 | M86: BK | N86: POM | O86: TRUE | Y86: =AI86*AH86 -> 0 | Z86: I10017Rev01 | AB86: 579 | AC86: 22 | AD86: holder | AJ86: 0
A87: 10.21.83677A | B87: ASSY_59Z006-T00D | D87: CH | F87: FALSE | I87: 1 | J87: 40 | K87: 33 | L87: 52 | M87: RD | N87: POM | O87: TRUE | X87: 10 | Y87: =AI87*AH87 -> 2 | AB87: 71 | AC87: 24 | AD87: holder | AE87: TRUE | AH87: 2 | AI87: 1 | AJ87: 0
A88: 10.21.50179G | B88: 7187903970+7187904070 | D88: CH | F88: FALSE | I88: 1 | J88: 97 | K88: 100 | L88: 65 | M88: YE | N88: POM | O88: TRUE | X88: 11 | Y88: =AI88*AH88 -> 2 | AB88: 180 | AC88: 17 | AD88: holder | AH88: 2 | AI88: 1 | AJ88: 0
A89: 10.21.77159A | B89: X1PO2539 | D89: CH | E89: 26/20/35, РЯЗАНЕ, СИН, ДЕРЛИН | F89: FALSE | I89: 1 | J89: 120 | K89: 100 | L89: 70 | M89: WH | N89: POM | O89: TRUE | Y89: =AI89*AH89 -> 0 | Z89: I10017Rev01 | AB89: 287 | AC89: 3 | AD89: holder | AH89: 1 | AJ89: 0
A90: 10.21.80727A | B90: 7009741102 | D90: CH | F90: FALSE | I90: 1 | J90: 43 | K90: 40 | L90: 50 | M90: WH | N90: POM | O90: TRUE | Y90: =AI90*AH90 -> 0 | Z90: I10017Rev01 | AB90: 290 | AC90: 4 | AD90: holder | AH90: 1 | AJ90: 0
A91: 10.21.83671_B | B91: 71196683+7173344320+7173807630 | D91: CH | F91: FALSE | I91: 1 | J91: 61 | K91: 50 | L91: 87 | M91: WH | N91: POM | O91: TRUE | Y91: =AI91*AH91 -> 0 | Z91: I10017Rev01 | AB91: 177 | AC91: 10 | AD91: holder | AE91: TRUE | AJ91: 0
A92: 10.21.35125A | B92: 7289063430 | D92: CH | F92: FALSE | I92: 1 | J92: 54 | K92: 44 | L92: 47 | M92: BK | N92: POM | O92: TRUE | X92: 10 | Y92: =AI92*AH92 -> 1 | AB92: 173 | AC92: 10 | AD92: holder | AE92: TRUE | AH92: 1 | AI92: 1 | AJ92: 0
A93: 10.21.83685A | B93: 7289808930+7274153930 | D93: CH | F93: FALSE | I93: 1 | J93: 80 | K93: 60 | L93: 58 | M93: BK | N93: POM | O93: TRUE | X93: 10 | Y93: =AI93*AH93 -> 1 | AB93: 125 | AC93: 7 | AD93: holder | AH93: 1 | AI93: 1 | AJ93: 0
A94: 10.21.83672A | B94: ASSY_59Z006T00B | D94: CH | F94: FALSE | I94: 1 | J94: 40 | K94: 33 | L94: 52 | M94: WH | N94: POM | O94: TRUE | X94: 10 | Y94: =AI94*AH94 -> 1 | AB94: 156 | AC94: 8 | AD94: holder | AH94: 1 | AI94: 1 | AJ94: 0
A95: 10.21.77126A | B95: ASSY_59Z006T00E | D95: CH | F95: FALSE | I95: 1 | J95: 40 | K95: 35 | L95: 52 | M95: GN | N95: POM | O95: TRUE | X95: 10 | Y95: =AI95*AH95 -> 1 | AB95: 572 | AC95: 7 | AD95: holder | AH95: 1 | AI95: 1 | AJ95: 0
A96: 10.21.73070A | B96: ASSY_D4Z001DC0D | D96: CH | F96: FALSE | I96: 1 | J96: 45 | K96: 40 | L96: 46 | M96: RD | N96: POM | O96: TRUE | X96: 10 | Y96: =AI96*AH96 -> 2 | AB96: 573 | AC96: 8 | AD96: holder | AH96: 2 | AI96: 1 | AJ96: 0
A97: 10.21.79593A | B97: ASSY_D4Z002DC0D | D97: CH | F97: FALSE | I97: 1 | J97: 45 | K97: 35 | L97: 47 | M97: RD | N97: POM | O97: TRUE | X97: 10 | Y97: =AI97*AH97 -> 2 | AB97: 574 | AC97: 11 | AD97: holder | AH97: 2 | AI97: 1 | AJ97: 0
A98: 10.21.10820 | B98: 7047135830 | D98: CLIP H | F98: FALSE | I98: 1 | J98: 31 | K98: 20 | L98: 55 | M98: BK | N98: POM | O98: TRUE | Y98: =AI98*AH98 -> 0 | Z98: I10017Rev01 | AD98: clips | AF98: side | AH98: 1 | AJ98: 0
A99: 10.21.08826 | B99: 7047186030 | D99: CLIP H | E99: 105x35x47-(x5PCS) | F99: FALSE | I99: 1 | J99: 35 | K99: 20 | L99: 47 | M99: BK | N99: POM | O99: TRUE | Q99: TRUE | R99: 105 | S99: 35 | T99: 47 | U99: 5 | X99: 10 | Y99: =AI99*AH99 -> 60 | AD99: clips | AF99: down | AH99: 60 | AI99: 1 | AJ99: 0
A100: 10.21.84626 | B100: 7047273930 | D100: CLIP H | F100: FALSE | I100: 1 | J100: 34 | K100: 20 | L100: 50 | M100: BK | N100: POM | O100: TRUE | Y100: =AI100*AH100 -> 0 | Z100: I10017Rev01 | AD100: clips | AF100: down | AH100: 2 | AJ100: 0
A101: 10.21.39356 | B101: 7047305630 | D101: CLIP H | F101: FALSE | I101: 1 | J101: 37 | K101: 30 | L101: 45 | M101: BK | N101: POM | O101: TRUE | Y101: =AI101*AH101 -> 0 | Z101: I10017Rev01 | AD101: clips | AF101: side | AH101: 1 | AJ101: 0
A102: 10.21.54460A | B102: 7052161430 | D102: CLIP H | F102: FALSE | I102: 1 | J102: 34 | K102: 25 | L102: 50 | M102: BK | N102: POM | O102: TRUE | Y102: =AI102*AH102 -> 0 | Z102: I10017Rev01 | AD102: clips | AF102: side | AH102: 1 | AJ102: 0
...

Sheet dispach 0302026
C2: H248 Main LHD/RHD
C3: MA | D3: YPN | E3: QTY, pcs | F3: price offer
C4: 10.21.54326E | D4: 7047186030D_DP | E4: 1 | F4: I10074
C5: 10.21.72843E | D5: 7147882430D_DP | E5: 1 | F5: I10074
C6: 10.21.89505A | D6: 71186683+7173344320 | E6: 1 | F6: I10074
C7: 10.21.96568A | D7: 7289982670 | E7: 1 | F7: I10074
C8: 10.21.96568A | D8: 7289982670 | E8: 1 | F8: I10075
C9: 10.21.96573A | D9: 7287547130 | E9: 1 | F9: I10074
C10: 10.21.96573A | D10: 7287547130 | E10: 1 | F10: I10075
C11: 10.21.96570A | D11: 7035990930 | E11: 1 | F11: I10074
C12: 10.21.96570A | D12: 7035990930 | E12: 1 | F12: I10075
C13: За Тодор Стоянов
C19: 11 JB MAIN I9986 7000465161-1
C20: MA | D20: YPN | E20: QTY, pcs | F20: price offer
F21: I9986
F22: I9986
F23: I9986
F24: I9986
F25: I9986
F26: I9986
F27: I9986
B29: b | C29: 15 JB MAIN / I10017Rev01 7000474804-1
C30: MA | D30: YPN | E30: QTY, pcs | F30: price offer
B31: 0 | F31: I10017Rev01
B32: 1 | F32: I10017Rev01
B33: 1 | F33: I10017Rev01
B34: 1 | F34: I10017Rev01
B35: 2 | F35: I10017Rev01
B36: 2 | F36: I10017Rev01
B37: 2 | F37: I10017Rev01
C44: Стоковата е разписана!
C45: Стоковата е разписана!

Sheet dispach 29062026
C2: H248 Main/Engine LHD/RHD 2 JB
C3: MA | D3: YPN | E3: QTY, pcs | F3: price offer
C4: 10.21.83679A | D4: 7119172930 | E4: 1 | F4: I10074
C5: 10.21.83679A | D5: 7119172930 | E5: 1 | F5: I10075
C6: 10.21.96563A | D6: 7035964930 | E6: 2 | F6: I10074
C7: 10.21.96563A | D7: 7035964930 | E7: 2 | F7: I10075
C8: 10.21.96563A | D8: 7035964930 | E8: 1 | F8: I10073
C9: 10.21.35334A | D9: 7118641830+7173344320 | E9: 1 | F9: I10074
C10: 10.21.35334A | D10: 7118641830+7173344320 | E10: 1 | F10: I10075
C11: 10.21.77068A | D11: ASSY_AMZ040C00C | E11: 1 | F11: I10075
C12: 10.21.28074A | D12: 71899503 | E12: 1 | F12: I10074
C13: 10.21.28074A | D13: 71899503 | E13: 1 | F13: I10075
C14: 10.21.54489A | D14: 71897277 | E14: 1 | F14: I10074
C15: 10.21.54489A | D15: 71897277 | E15: 1 | F15: I10075
C16: 10.21.76983B | D16: 7252815130 | E16: 10 | F16: I10074
C17: 10.21.77038A | D17: ASSY_CA288A15199XXX | E17: 1 | F17: I10074
C18: 10.21.50179G | D18: 7187903970+7187904070 | E18: 1 | F18: I10074
C20: 11 JB MAIN I9986 7000465161-1
C21: MA | D21: YPN | E21: QTY, pcs | F21: price offer
C22: 10.21.72968A | D22: 7075236930 | E22: 1 | F22: I9986
C23: 10.21.80751A | D23: 7119140530+7119140640+72741359A | E23: 1 | F23: I9986
C24: 10.21.35003A | D24: 71191993 | E24: 2 | F24: I9986
C25: 10.21.77073A | D25: 71196180 | E25: 1 | F25: I9986
C26: 10.21.47236A | D26: 71196506 | E26: 1 | F26: I9986
C27: 10.21.73076A | D27: ASSY_AMZ005000F/ASSY_AMZ005DC0F | E27: 1 | F27: I9986
C28: 10.21.77089A | D28: ASSY_D4K2RE1D5A5BDC/ASSY_D4K2RE1D5A5B | E28: 1 | F28: I9986
B30: b | C30: 15 JB MAIN / I10017Rev01 7000474804-1
C31: MA | D31: YPN | E31: QTY, pcs | F31: price offer
B32: 0 | C32: 10.21.83692A | D32: 7198600430 | E32: 14 | F32: I10017Rev01
B33: 1 | C33: 10.21.77190A | D33: 7118673890+7173344320 | E33: 7 | F33: I10017Rev01
B34: 1 | C34: 10.21.76985A | D34: 7298808730 | E34: 7 | F34: I10017Rev01
B35: 1 | C35: 10.21.83758A | D35: 7198809140+7274268930A | E35: 7 | F35: I10017Rev01
B36: 2 | C36: 10.21.80751A | D36: 7119140530+7119140640+72741359A | E36: 14 | F36: I10017Rev01
B37: 2 | C37: 10.21.77067A | D37: ASSY_59Z006T00C | E37: 7 | F37: I10017Rev01
B38: 2 | C38: 10.21.77151A | D38: ASSY_E6Z017DC1C | E38: 7 | F38: I10017Rev01
C45: Стоковата е разписана!
C46: Стоковата е разписана!

Sheet product_list (2)
A1: MA_Number | B1: Product_Name | C1: type_code | D1: Description | E1: Is_Assembly | F1: parent_ma | G1: Part_Number | H1: Part_Qty | I1: Part_Length | J1: Part_Width | K1: Part_Height | L1: color_code | M1: material_code | N1: process_cut | O1: process_mill | P1: Assembly_Order | Q1: batch_id | R1: qty | S1: price_offer_num
A2: 10.21.1111 | B2: 7283 1111 30 | C2: pch | D2: STR1 | E2: FALSE | H2: 1111 | I2: 1111 | J2: 1111 | K2: 1111 | L2: WH | M2: POM | O2: TRUE | Q2: 3 | R2: 10 | S2: 1000
A3: 10.21.2222 | B3: 7283 2222 30 | C3: ch | D3: STR | E3: FALSE | H3: 1 | I3: 666 | J3: 667 | K3: 668 | L3: BK | M3: BR | N3: TRUE | Q3: 3 | R3: 11 | S3: 1000
A4: 10.21.3333 | B4: 7283 2222 30 | C4: ch | D4: STR | E4: TRUE | H4: 2 | I4: 44 | J4: 44 | K4: 44 | L4: BK | M4: BR | N4: TRUE | Q4: 3 | R4: 12 | S4: 1001
B5: 7283 2222 30 | C5: ch | D5: STR | F5: 10.21.3333 | G5: 10.21.3333-1 | H5: 1 | I5: 55 | J5: 55 | K5: 55 | L5: BK | M5: BR | N5: TRUE | Q5: 3 | R5: 13 | S5: 1001
B6: 7283 2222 30 | C6: ch | D6: STR | F6: 10.21.3333 | G6: 10.21.3333-2 | H6: 1 | I6: 66 | J6: 66 | K6: 66 | L6: BK | M6: BR | N6: TRUE | Q6: 3 | R6: 14 | S6: 1005
A7: 10.21.4444 | B7: 7283 2222 30 | C7: pch | D7: STR | E7: FALSE | H7: 1 | I7: 10 | J7: 20 | K7: 30 | L7: BK | M7: BR | N7: TRUE | Q7: 3 | R7: 15 | S7: 1005
A8: 10.21.5555 | B8: 7283 2222 30 | C8: pch | D8: STR | E8: FALSE | H8: 1 | I8: 10 | J8: 20 | K8: 30 | L8: BL | M8: BR | N8: TRUE | Q8: 3 | R8: 16 | S8: 1005
A9: 10.21.6666 | B9: 7283 2222 30 | C9: pch | D9: STR | E9: FALSE | H9: 1 | I9: 10 | J9: 20 | K9: 30 | L9: BK | M9: BR | N9: TRUE | Q9: 3 | R9: 17 | S9: 1005
A10: 10.21.7777 | B10: 7283 2222 30 | C10: ch | D10: STR | E10: TRUE | H10: 2 | I10: 50 | J10: 50 | K10: 50 | L10: BK | M10: BR | N10: TRUE | Q10: 3 | R10: 18 | S10: 1005
B11: 7283 2222 30 | C11: ch | D11: STR | F11: 10.21.7777 | G11: 10.21.7777-1 | H11: 1 | I11: 30 | J11: 30 | K11: 30 | L11: BK | M11: BR | N11: TRUE | Q11: 3 | R11: 19 | S11: 1005
B12: 7283 2222 30 | C12: ch | D12: STR | F12: 10.21.7777 | G12: 10.21.7777-2 | H12: 1 | I12: 20 | J12: 20 | K12: 20 | L12: BK | M12: BR | N12: TRUE | Q12: 3 | R12: 20 | S12: 1005
A13: 10.21.8888 | B13: 7283 2222 30 | C13: ch | D13: STR | E13: TRUE | H13: 2 | I13: 50 | J13: 50 | K13: 50 | L13: BK | M13: BR | N13: TRUE | Q13: 3 | R13: 21 | S13: 1005
B14: 7283 2222 30 | C14: ch | D14: STR | F14: 10.21.8888 | G14: 10.21.8888-1 | H14: 2 | I14: 30 | J14: 30 | K14: 30 | L14: BK | M14: BR | N14: TRUE | Q14: 3 | R14: 22 | S14: 1005
B15: 7283 2222 30 | C15: ch | D15: STR | F15: 10.21.8888 | G15: 10.21.8888-2 | H15: 2 | I15: 20 | J15: 20 | K15: 20 | L15: BK | M15: BR | N15: TRUE | Q15: 3 | R15: 23 | S15: 1005
A16: 10.21.9999 | B16: 7283 1111 30 | C16: ch | D16: STR | E16: FALSE | H16: 1 | I16: 50 | J16: 50 | K16: 50 | L16: BK | M16: BR | N16: TRUE | Q16: 3 | R16: 24 | S16: 1005
A17: 10.21.1212 | B17: 7283554430 | C17: ch | D17: STR | E17: FALSE | H17: 1 | I17: 66 | J17: 67 | K17: 68 | L17: WH | M17: POM | N17: TRUE | Q17: 3 | R17: 888

Sheet type_list
A1: type_code | B1: type_name | C1: description | D1: created_at | E1: updated_at | F1: created_by
A2: CH | B2: connector holder
A3: PCH | B3: pneumatic connector holder
A4: FORK | B4: JB fork
A5: CLIP H | B5: clip holder
A6: PCC | B6: pneumatic connector clip

Sheet price_offer_list
A1: price_offer_num | B1: created_at | C1: updated_at | D1: created_by
A2: I10017Rev01
A3: I9987
A4: I10129
A5: I10130

Sheet color_list
A1: color_code | B1: color_name | C1: color_name_bg | D1: rgb_value | E1: pantone_code | F1: is_active | G1: created_at | H1: updated_at | I1: created_by
A2: WH | B2: white | C2: БЯЛ | F2: TRUE
A3: BK | B3: black | C3: ЧЕРЕН | F3: TRUE
A4: BL | B4: blue | C4: СИН | F4: TRUE
A5: BN | B5: brown | C5: КАФЯВ | F5: TRUE
A6: GN | B6: green | C6: ЗЕЛЕН | F6: TRUE
A7: RD | B7: red | C7: ЧЕРВЕН | F7: TRUE
A8: YE | B8: yellow | C8: ЖЪЛТ | F8: TRUE
A9: GR | B9: gray | C9: СИВ | F9: TRUE

Sheet material_list
A1: material_code | B1: material_name | C1: material_name_bg | D1: category | E1: density_kg_per_m3 | F1: tensile_strength_mpa | G1: cost_per_kg | H1: is_active | I1: created_at | J1: updated_at | K1: created_by
A2: STL | B2: Steel | C2: СТОМАНА | H2: TRUE
A3: POM | B3: Derlin | C3: ДЕЛРИН | H3: TRUE
A4: BR | B4: Brass | C4: МЕСИНГ | H4: TRUE
A5: AL | B5: Aluminium | C5: АЛУМИНИЙ | H5: TRUE
A6: SS | B6: Stainless steel | C6: НЕРЪЖДАВЕЙКА | H6: TRUE

Sheet product_projects
A1: product_ma | B1: project_name
A2: 10.21.80758A | B2: MMA
A3: 10.21.72966C | B3: MMA
A4: 10.21.72968A | B4: MMA
A5: 10.21.83798A | B5: MMA
A6: 10.21.35131A | B6: MMA
A7: 10.21.35334A | B7: MMA
A8: 10.21.89505A | B8: MMA
A9: 10.21.77121A | B9: MMA
A10: 10.21.27914A | B10: MMA
A11: 10.21.36860F | B11: MMA
A12: 10.21.54168C | B12: MMA
... A207: 10.21.72971A | B207: MMA

Sheet product_families
A1: product_ma | B1: family_name
A2: 10.21.80758A | B2: main
A3: 10.21.72966C | B3: main
A4: 10.21.72968A | B4: main
A5: 10.21.83798A | B5: main
A6: 10.21.35131A | B6: main
A7: 10.21.35334A | B7: main
A8: 10.21.89505A | B8: main
A9: 10.21.77121A | B9: main
A10: 10.21.27914A | B10: main
A11: 10.21.36860F | B11: main
A12: 10.21.54168C | B12: main
... A213: 10.21.72971A | B213: main

Sheet barcode
B1: 0 | C1: ="*"&B1&"*" -> *0*
B2: 261493 | C2: ="*"&B2&"*" -> *261493*
B3: 261494 | C3: ="*"&B3&"*" -> *261494*
B4: 261495 | C4: ="*"&B4&"*" -> *261495*
B5: 261496 | C5: ="*"&B5&"*" -> *261496*
B6: 261497 | C6: ="*"&B6&"*" -> *261497*
B7: 261498 | C7: ="*"&B7&"*" -> *261498*
B8: 261499 | C8: ="*"&B8&"*" -> *261499*
B9: 261500 | C9: ="*"&B9&"*" -> *261500*
B10: 261501 | C10: ="*"&B10&"*" -> *261501*
B11: 261502 | C11: ="*"&B11&"*" -> *261502*
B12: 261503 | C12: ="*"&B12&"*" -> *261503*
B13: 261504 | C13: ="*"&B13&"*" -> *261504*
B14: 261505 | C14: ="*"&B14&"*" -> *261505*
B15: 261506 | C15: ="*"&B15&"*" -> *261506*
... B97: 261588 | C97: ="*"&B97&"*" -> *261588*

Sheet sps calc
A1: X | B1: =J9+J10*2+J12 -> 63
A2: Y | B2: =J9+J11*2+J10*2+J13 -> 79
A3: Z | B3: =J14+J15+J16 -> 65
A4: V | B4: =B1*B2*B3/1000 -> 323.505
E7: =IF(B4<100,"S",IF(B4<225,"M",IF(B4<550,"L",IF(B4<1150,"XL",IF(B4>1150,"XXL",FALSE))))) -> L | T7: j
E8: =IF(J14<15, "SIMPLE", IF(J14<30, "MEDIUM", "COMPLEX")) -> COMPLEX
E9: =IF(AND(E7="S", E8="SIMPLE"),"A",IF(AND(E7="S",E8="MEDIUM"), "F", IF(AND(E7="M",E8="SIMPLE"), "B", IF(AND(E7="M",E8="MEDIUM"), "G", IF(AND(E7="M",E8="COMPLEX"), "L", IF(AND(E7="L",E8="SIMPLE"), "C", IF(AND(E7="L",E8="MEDIUM"), "H", IF(AND(E7="L",E8="COMPLEX"), "M", IF(AND(E7="XL",E8="SIMPLE"), "D", IF(AND(E7="XL",E8="MEDIUM"), "I", IF(AND(E7="XL",E8="COMPLEX"), "N", IF(AND(E7="XXL",E8="SIMPLE"), "E", IF(AND(E7="XXL",E8="MEDIUM"), "G", IF(AND(E7="XXL",E8="COMPLEX"), "O", FALSE)))))))))))))) -> M | I9: j left or right | J9: 5 | M9: j | N9: e | AE9: e | AF9: j
I10: lock | J10: 9
I11: ear | J11: 13
I12: x conn | J12: 40
I13: y conn | J13: 30 | AB13: lock
I14: z conn | J14: 30
I15: jig bottom | J15: 10
I16: ejector | J16: 25 | V16: y
A18: YPN | B18: PO | C18: leter
A19: 7289724330 | B19: I10061 | C19: op16
A20: 7298186930 | B20: I10061 | C20: h | T20: j
A21: 72888941 | B21: I10061 | C21: l
A22: 7278442030 | B22: I10061 | C22: h
A23: 72985208 | B23: I10061 | C23: op16 | AI23: A | AJ23: B | AK23: C | AL23: D | AM23: E | AO23: F | AP23: G | AQ23: H | AR23: I | AS23: J | AT23: K | AU23: L | AV23: M | AW23: N | AX23: O
A24: 7298150830 | B24: I10061 | C24: op16
A25: 7198460730 | B25: I10061 | C25: h
A26: 7298108030 | B26: I10061 | C26: op16
A27: 7298154930 | B27: I10061 | C27: l
B28: I10061
A29: 7289724330 | B29: I10061 | C29: op16
A30: 7278271940 | B30: I10061 | C30: op16
A31: 7298186930 | B31: I10061 | C31: h
A32: 72888941 | B32: I10061 | C32: l
A33: 7278442030 | B33: I10061 | C33: h
A34: 72985208 | B34: I10061 | C34: op16
A35: 7298108030 | B35: I10061 | C35: op16
A36: 7198460730 | B36: I10061 | C36: h
A37: 7298154930 | B37: I10061 | C37: l
A38: 7298150830 | B38: I10061 | C38: op16
A39: 71191147 | B39: I10061 | C39: op16
B40: I10061
A41: 7187090590 | B41: I10061 | C41: op16
A42: 7277015590 | B42: I10061 | C42: m
A43: 7187090560 | B43: I10061 | C43: op16
A44: 71870905 | B44: I10061 | C44: op16
A45: 71983904 | B45: I10061 | C45: h
A46: 7287741830 | B46: I10061 | C46: m
A47: 7288907230 | B47: I10061 | C47: foam
A48: 7298227830 | B48: I10061 | C48: op16
A49: 7298227830 | B49: I10061 | C49: op16
A50: 7298593130 | B50: I10061 | C50: m
A51: 7298593130 | B51: I10061 | C51: m
A52: 7285207290 | B52: I10061 | C52: m
... A54: 71870905 | B54: I10061 | C54: op16
B55: I10061
A56: 7298228030 | B56: I10061 | C56: op16
A57: 7288907230 | B57: I10061 | C57: foam
A58: 7298228030 | B58: I10061 | C58: op16
A59: 7298593130 | B59: I10061 | C59: m
A60: 7298250730 | B60: I10061 | C60: op16
A61: 7283368530 | B61: I10061 | C61: op16
A62: 7287720230 | B62: I10061 | C62: m
A63: 7278121430 | B63: I10061 | C63: op16
A64: 7298186530 | B64: I10061 | C64: op16
A65: 7298186930 | B65: I10061 | C65: h
A66: 7222740630 | B66: I10061 | C66: m
A67: 7187090560 | B67: I10061 | C67: op16
... A74: 7298171330 | B74: I10062 | C74: op16
B75: I10062
A76: 7298790330 | B76: I10062 | C76: op16
A77: 7298790330 | B77: I10062 | C77: op16
A78: 7298186930 | B78: I10062 | C78: h
A79: 7288907230 | B79: I10062 | C79: foam
A80: 7298186530 | B80: I10062 | C80: op16
A81: 7289508430 | B81: I10062 | C81: m
A82: 7298186930 | B82: I10062 | C82: h
A83: 7298790830 | B83: I10062 | C83: op16
A84: 7289508430 | B84: I10062 | C84: m
A85: 7286139730 | B85: I10062 | C85: m
A86: 7287821130 | B86: I10062 | C86: m
A87: 7298186530 | B87: I10062 | C87: op16
B88: I10062
A89: 7119153830 | B89: I10062 | C89: op16
A90: 7119689030 | B90: I10062 | C90: op16
A91: 7286145630 | B91: I10062 | C91: l
A92: 7287180440 | B92: I10062 | C92: op16
A93: 72980788 | B93: I10062 | C93: op16
A94: ASSY_R197136A85 | B94: I10062 | C94: op16
A95: 7298237430 | B95: I10062 | C95: op16
A96: 7298237430 | B96: I10062 | C96: op16
A97: 7298237430 | B97: I10062 | C97: op16
A98: 7298237430 | B98: I10062 | C98: op16
A99: ????? | B99: I10062
A100: ????? | B100: I10062
B101: I10062
A102: 7298790130 | B102: I10062 | C102: op16
A103: 7288907230 | B103: I10062 | C103: foam
A104: 7288907230 | B104: I10062 | C104: foam
A105: 7282559510 | B105: I10062 | C105: m
A106: 7278451130 | B106: I10062 | C106: m
A107: 7298237430 | B107: I10062 | C107: op16
A108: 7298237430 | B108: I10062 | C108: op16
A109: 7298228210 | B109: I10062 | C109: op16
A110: 7219631630 | B110: I10063 | C110: op16
...

Sheet Sheet3
A1: YPN | B1: PO | C1: leter | D1: remark
A2: 7289724330 | B2: I10061
A3: 7298186930 | B3: I10061
A4: 72888941 | B4: I10061
A5: 7278442030 | B5: I10061
A6: 72985208 | B6: I10061
A7: 7298150830 | B7: I10061
A8: 7198460730 | B8: I10061
A9: 7298108030 | B9: I10061
A10: 7298154930 | B10: I10061
B11: I10061
A12: 7289724330 | B12: I10061
A13: 7278271940 | B13: I10061
A14: 7298186930 | B14: I10061
A15: 72888941 | B15: I10061
A16: 7278442030 | B16: I10061
A17: 72985208 | B17: I10061
A18: 7298108030 | B18: I10061
A19: 7198460730 | B19: I10061
A20: 7298154930 | B20: I10061
A21: 7298150830 | B21: I10061
A22: 71191147 | B22: I10061
B23: I10061
A24: 7187090590 | B24: I10061
A25: 7277015590 | B25: I10061
A26: 7187090560 | B26: I10061
A27: 71870905 | B27: I10061
A28: 71983904 | B28: I10061
A29: 7287741830 | B29: I10061
A30: 7288907230 | B30: I10061
A31: 7298227830 | B31: I10061
A32: 7298227830 | B32: I10061
A33: 7298593130 | B33: I10061
A34: 7298593130 | B34: I10061
A35: 7285207290 | B35: I10061
... A37: 71870905 | B37: I10061
B38: I10061
A39: 7298228030 | B39: I10061
A40: 7288907230 | B40: I10061
A41: 7298228030 | B41: I10061
A42: 7298593130 | B42: I10061
A43: 7298250730 | B43: I10061
A44: 7283368530 | B44: I10061
A45: 7287720230 | B45: I10061
A46: 7278121430 | B46: I10061
A47: 7298186530 | B47: I10061
A48: 7298186930 | B48: I10061
A49: 7222740630 | B49: I10061
A50: 7187090560 | B50: I10061
... A57: 7298171330 | B57: I10062
B58: I10062
A59: 7298790330 | B59: I10062
A60: 7298790330 | B60: I10062
A61: 7298186930 | B61: I10062
A62: 7288907230 | B62: I10062
A63: 7298186530 | B63: I10062
A64: 7289508430 | B64: I10062
A65: 7298186930 | B65: I10062
A66: 7298790830 | B66: I10062
A67: 7289508430 | B67: I10062
A68: 7286139730 | B68: I10062
A69: 7287821130 | B69: I10062
A70: 7298186530 | B70: I10062
B71: I10062
A72: 7119153830 | B72: I10062
A73: 7119689030 | B73: I10062
A74: 7286145630 | B74: I10062
A75: 7287180440 | B75: I10062
A76: 72980788 | B76: I10062
A77: ASSY_R197136A85 | B77: I10062
A78: 7298237430 | B78: I10062
A79: 7298237430 | B79: I10062
A80: 7298237430 | B80: I10062
A81: 7298237430 | B81: I10062
A82: ????? | B82: I10062
A83: ????? | B83: I10062
B84: I10062
A85: 7298790130 | B85: I10062
A86: 7288907230 | B86: I10062
A87: 7288907230 | B87: I10062
A88: 7282559510 | B88: I10062
A89: 7278451130 | B89: I10062
A90: 7298237430 | B90: I10062
A91: 7298237430 | B91: I10062
A92: 7298228210 | B92: I10062
A93: 7219631630 | B93: I10063
A94: 7219631630 | B94: I10063
A95: 7219631630 | B95: I10063
A96: 7219631630 | B96: I10063
... A166: 7187090560 | B166: I10064
A167: X1PP5F69 | B167: I10064
A168: 7289773340 | B168: I10064
A169: X1PP5F69 | B169: I10064
A170: 7154041130 | B170: I10064
A171: 7119674430 | B171: I10064
A172: 7282374040 | B172: I10064
A173: 7186066590 | B173: I10064
A174: 71860665 | B174: I10064
A175: 7186066560 | B175: I10064
A176: 72975392 | B176: I10064
...

Sheet pch
A1: ypn | B1: trim | C1: check equal | D1: check string | E1: type | F1: ma_final | G1: note
A2: 70521459 | B2: =TRIM(Table4[[#This Row],[ypn]]) -> 70521459 | C2: =Table4[[#This Row],[ypn]]=Table4[[#This Row],[trim]] -> FALSE | D2: =Table4[[#This Row],[ypn]]*1 -> 70521459 | E2: =TYPE(Table4[[#This Row],[ypn]]) -> 1
A3: 71186354 | B3: =TRIM(Table4[[#This Row],[ypn]]) -> 71186354 | C3: =Table4[[#This Row],[ypn]]=Table4[[#This Row],[trim]] -> FALSE | D3: =Table4[[#This Row],[ypn]]*1 -> 71186354 | E3: =TYPE(Table4[[#This Row],[ypn]]) -> 1 | F3: 10.21.43811A
A4: 71191993 | B4: =TRIM(Table4[[#This Row],[ypn]]) -> 71191993 | C4: =Table4[[#This Row],[ypn]]=Table4[[#This Row],[trim]] -> FALSE | D4: =Table4[[#This Row],[ypn]]*1 -> 71191993 | E4: =TYPE(Table4[[#This Row],[ypn]]) -> 1 | F4: 10.21.38043A
A5: 71196180 | B5: =TRIM(Table4[[#This Row],[ypn]]) -> 71196180 | C5: =Table4[[#This Row],[ypn]]=Table4[[#This Row],[trim]] -> FALSE | D5: =Table4[[#This Row],[ypn]]*1 -> 71196180 | E5: =TYPE(Table4[[#This Row],[ypn]]) -> 1 | F5: 10.21.77371A
A6: 71196350 | B6: =TRIM(Table4[[#This Row],[ypn]]) -> 71196350 | C6: =Table4[[#This Row],[ypn]]=Table4[[#This Row],[trim]] -> FALSE | D6: =Table4[[#This Row],[ypn]]*1 -> 71196350 | E6: =TYPE(Table4[[#This Row],[ypn]]) -> 1 | F6: 10.21.37931A
A7: 71196401 | B7: =TRIM(Table4[[#This Row],[ypn]]) -> 71196401 | C7: =Table4[[#This Row],[ypn]]=Table4[[#This Row],[trim]] -> FALSE | D7: =Table4[[#This Row],[ypn]]*1 -> 71196401 | E7: =TYPE(Table4[[#This Row],[ypn]]) -> 1 | F7: 10.21.38690A
A8: 71196506 | B8: =TRIM(Table4[[#This Row],[ypn]]) -> 71196506 | C8: =Table4[[#This Row],[ypn]]=Table4[[#This Row],[trim]] -> FALSE | D8: =Table4[[#This Row],[ypn]]*1 -> 71196506 | E8: =TYPE(Table4[[#This Row],[ypn]]) -> 1 | F8: 10.21.77048A
A9: 71196714 | B9: =TRIM(Table4[[#This Row],[ypn]]) -> 71196714 | C9: =Table4[[#This Row],[ypn]]=Table4[[#This Row],[trim]] -> FALSE | D9: =Table4[[#This Row],[ypn]]*1 -> 71196714 | E9: =TYPE(Table4[[#This Row],[ypn]]) -> 1 | F9: 10.21.80749
A10: 71781227 | B10: =TRIM(Table4[[#This Row],[ypn]]) -> 71781227 | C10: =Table4[[#This Row],[ypn]]=Table4[[#This Row],[trim]] -> FALSE | D10: =Table4[[#This Row],[ypn]]*1 -> 71781227 | E10: =TYPE(Table4[[#This Row],[ypn]]) -> 1 | F10: 10.21.84407
A11: 71781405 | B11: =TRIM(Table4[[#This Row],[ypn]]) -> 71781405 | C11: =Table4[[#This Row],[ypn]]=Table4[[#This Row],[trim]] -> FALSE | D11: =Table4[[#This Row],[ypn]]*1 -> 71781405 | E11: =TYPE(Table4[[#This Row],[ypn]]) -> 1 | F11: 10.21.77033
A12: 71782472 | B12: =TRIM(Table4[[#This Row],[ypn]]) -> 71782472 | C12: =Table4[[#This Row],[ypn]]=Table4[[#This Row],[trim]] -> FALSE | D12: =Table4[[#This Row],[ypn]]*1 -> 71782472 | E12: =TYPE(Table4[[#This Row],[ypn]]) -> 1 | F12: 10.21.80724
A13: 71834835 | B13: =TRIM(Table4[[#This Row],[ypn]]) -> 71834835 | C13: =Table4[[#This Row],[ypn]]=Table4[[#This Row],[trim]] -> FALSE | D13: =Table4[[#This Row],[ypn]]*1 -> 71834835 | E13: =TYPE(Table4[[#This Row],[ypn]]) -> 1 | F13: 10.21.63723C
A14: 71897277 | B14: =TRIM(Table4[[#This Row],[ypn]]) -> 71897277 | C14: =Table4[[#This Row],[ypn]]=Table4[[#This Row],[trim]] -> FALSE | D14: =Table4[[#This Row],[ypn]]*1 -> 71897277 | E14: =TYPE(Table4[[#This Row],[ypn]]) -> 1 | F14: 10.21.39390A
A15: 71899503 | B15: =TRIM(Table4[[#This Row],[ypn]]) -> 71899503 | C15: =Table4[[#This Row],[ypn]]=Table4[[#This Row],[trim]] -> FALSE | D15: =Table4[[#This Row],[ypn]]*1 -> 71899503 | E15: =TYPE(Table4[[#This Row],[ypn]]) -> 1 | F15: 10.21.51985A
A16: 71986562 | B16: =TRIM(Table4[[#This Row],[ypn]]) -> 71986562 | C16: =Table4[[#This Row],[ypn]]=Table4[[#This Row],[trim]] -> FALSE | D16: =Table4[[#This Row],[ypn]]*1 -> 71986562 | E16: =TYPE(Table4[[#This Row],[ypn]]) -> 1 | F16: 10.21.77353A | G16: c
A17: 71987958 | B17: =TRIM(Table4[[#This Row],[ypn]]) -> 71987958 | C17: =Table4[[#This Row],[ypn]]=Table4[[#This Row],[trim]] -> FALSE | D17: =Table4[[#This Row],[ypn]]*1 -> 71987958 | E17: =TYPE(Table4[[#This Row],[ypn]]) -> 1 | F17: 10.21.90707
A18: 71988082 | B18: =TRIM(Table4[[#This Row],[ypn]]) -> 71988082 | C18: =Table4[[#This Row],[ypn]]=Table4[[#This Row],[trim]] -> FALSE | D18: =Table4[[#This Row],[ypn]]*1 -> 71988082 | E18: =TYPE(Table4[[#This Row],[ypn]]) -> 1 | F18: 10.21.73020B
A19: 71989162 | B19: =TRIM(Table4[[#This Row],[ypn]]) -> 71989162 | C19: =Table4[[#This Row],[ypn]]=Table4[[#This Row],[trim]] -> FALSE | D19: =Table4[[#This Row],[ypn]]*1 -> 71989162 | E19: =TYPE(Table4[[#This Row],[ypn]]) -> 1 | F19: 10.21.77353
A20: 72191763 | B20: =TRIM(Table4[[#This Row],[ypn]]) -> 72191763 | C20: =Table4[[#This Row],[ypn]]=Table4[[#This Row],[trim]] -> FALSE | D20: =Table4[[#This Row],[ypn]]*1 -> 72191763 | E20: =TYPE(Table4[[#This Row],[ypn]]) -> 1 | F20: 10.21.43782
A21: 72893837 | B21: =TRIM(Table4[[#This Row],[ypn]]) -> 72893837 | C21: =Table4[[#This Row],[ypn]]=Table4[[#This Row],[trim]] -> FALSE | D21: =Table4[[#This Row],[ypn]]*1 -> 72893837 | E21: =TYPE(Table4[[#This Row],[ypn]]) -> 1 | F21: 10.21.37987A
A22: 72895381 | B22: =TRIM(Table4[[#This Row],[ypn]]) -> 72895381 | C22: =Table4[[#This Row],[ypn]]=Table4[[#This Row],[trim]] -> FALSE | D22: =Table4[[#This Row],[ypn]]*1 -> 72895381 | E22: =TYPE(Table4[[#This Row],[ypn]]) -> 1 | F22: 10.21.77348A
A23: 72980475 | B23: =TRIM(Table4[[#This Row],[ypn]]) -> 72980475 | C23: =Table4[[#This Row],[ypn]]=Table4[[#This Row],[trim]] -> FALSE | D23: =Table4[[#This Row],[ypn]]*1 -> 72980475 | E23: =TYPE(Table4[[#This Row],[ypn]]) -> 1 | F23: 10.21.80721A
A24: 72988085 | B24: =TRIM(Table4[[#This Row],[ypn]]) -> 72988085 | C24: =Table4[[#This Row],[ypn]]=Table4[[#This Row],[trim]] -> FALSE | D24: =Table4[[#This Row],[ypn]]*1 -> 72988085 | E24: =TYPE(Table4[[#This Row],[ypn]]) -> 1 | F24: 10.21.73035A
A25: 7003293002 | B25: =TRIM(Table4[[#This Row],[ypn]]) -> 7003293002 | C25: =Table4[[#This Row],[ypn]]=Table4[[#This Row],[trim]] -> FALSE | D25: =Table4[[#This Row],[ypn]]*1 -> 7003293002 | E25: =TYPE(Table4[[#This Row],[ypn]]) -> 1 | F25: 10.21.77058A
A26: 7003803702 | B26: =TRIM(Table4[[#This Row],[ypn]]) -> 7003803702 | C26: =Table4[[#This Row],[ypn]]=Table4[[#This Row],[trim]] -> FALSE | D26: =Table4[[#This Row],[ypn]]*1 -> 7003803702 | E26: =TYPE(Table4[[#This Row],[ypn]]) -> 1
A27: 7009741502 | B27: =TRIM(Table4[[#This Row],[ypn]]) -> 7009741502 | C27: =Table4[[#This Row],[ypn]]=Table4[[#This Row],[trim]] -> FALSE | D27: =Table4[[#This Row],[ypn]]*1 -> 7009741502 | E27: =TYPE(Table4[[#This Row],[ypn]]) -> 1
A28: 7047135830 | B28: =TRIM(Table4[[#This Row],[ypn]]) -> 7047135830 | C28: =Table4[[#This Row],[ypn]]=Table4[[#This Row],[trim]] -> FALSE | D28: =Table4[[#This Row],[ypn]]*1 -> 7047135830 | E28: =TYPE(Table4[[#This Row],[ypn]]) -> 1
A29: 7047186030 | B29: =TRIM(Table4[[#This Row],[ypn]]) -> 7047186030 | C29: =Table4[[#This Row],[ypn]]=Table4[[#This Row],[trim]] -> FALSE | D29: =Table4[[#This Row],[ypn]]*1 -> 7047186030 | E29: =TYPE(Table4[[#This Row],[ypn]]) -> 1 | F29: 10.21.69492 | G29: erozina TR
A30: 7047273930 | B30: =TRIM(Table4[[#This Row],[ypn]]) -> 7047273930 | C30: =Table4[[#This Row],[ypn]]=Table4[[#This Row],[trim]] -> FALSE | D30: =Table4[[#This Row],[ypn]]*1 -> 7047273930 | E30: =TYPE(Table4[[#This Row],[ypn]]) -> 1
A31: 7047305630 | B31: =TRIM(Table4[[#This Row],[ypn]]) -> 7047305630 | C31: =Table4[[#This Row],[ypn]]=Table4[[#This Row],[trim]] -> FALSE | D31: =Table4[[#This Row],[ypn]]*1 -> 7047305630 | E31: =TYPE(Table4[[#This Row],[ypn]]) -> 1
A32: 7052753130 | B32: =TRIM(Table4[[#This Row],[ypn]]) -> 7052753130 | C32: =Table4[[#This Row],[ypn]]=Table4[[#This Row],[trim]] -> FALSE | D32: =Table4[[#This Row],[ypn]]*1 -> 7052753130 | E32: =TYPE(Table4[[#This Row],[ypn]]) -> 1
A33: 7075244730 | B33: =TRIM(Table4[[#This Row],[ypn]]) -> 7075244730 | C33: =Table4[[#This Row],[ypn]]=Table4[[#This Row],[trim]] -> FALSE | D33: =Table4[[#This Row],[ypn]]*1 -> 7075244730 | E33: =TYPE(Table4[[#This Row],[ypn]]) -> 1 | F33: 10.21.83796A
A34: 7118605030 | B34: =TRIM(Table4[[#This Row],[ypn]]) -> 7118605030 | C34: =Table4[[#This Row],[ypn]]=Table4[[#This Row],[trim]] -> FALSE | D34: =Table4[[#This Row],[ypn]]*1 -> 7118605030 | E34: =TYPE(Table4[[#This Row],[ypn]]) -> 1 | F34: 10.21.43814A
A35: 7119131260 | B35: =TRIM(Table4[[#This Row],[ypn]]) -> 7119131260 | C35: =Table4[[#This Row],[ypn]]=Table4[[#This Row],[trim]] -> FALSE | D35: =Table4[[#This Row],[ypn]]*1 -> 7119131260 | E35: =TYPE(Table4[[#This Row],[ypn]]) -> 1 | F35: 10.21.71225A
A36: 7119131530 | B36: =TRIM(Table4[[#This Row],[ypn]]) -> 7119131530 | C36: =Table4[[#This Row],[ypn]]=Table4[[#This Row],[trim]] -> FALSE | D36: =Table4[[#This Row],[ypn]]*1 -> 7119131530 | E36: =TYPE(Table4[[#This Row],[ypn]]) -> 1 | F36: 10.21.38917A
A37: 7119141030 | B37: =TRIM(Table4[[#This Row],[ypn]]) -> 7119141030 | C37: =Table4[[#This Row],[ypn]]=Table4[[#This Row],[trim]] -> FALSE | D37: =Table4[[#This Row],[ypn]]*1 -> 7119141030 | E37: =TYPE(Table4[[#This Row],[ypn]]) -> 1 | F37: 10.21.43817B
A38: 7119146730 | B38: =TRIM(Table4[[#This Row],[ypn]]) -> 7119146730 | C38: =Table4[[#This Row],[ypn]]=Table4[[#This Row],[trim]] -> FALSE | D38: =Table4[[#This Row],[ypn]]*1 -> 7119146730 | E38: =TYPE(Table4[[#This Row],[ypn]]) -> 1 | F38: 10.21.37966A
A39: 7119163630 | B39: =TRIM(Table4[[#This Row],[ypn]]) -> 7119163630 | C39: =Table4[[#This Row],[ypn]]=Table4[[#This Row],[trim]] -> FALSE | D39: =Table4[[#This Row],[ypn]]*1 -> 7119163630 | E39: =TYPE(Table4[[#This Row],[ypn]]) -> 1 | F39: 10.21.43818A
A40: 7119172930 | B40: =TRIM(Table4[[#This Row],[ypn]]) -> 7119172930 | C40: =Table4[[#This Row],[ypn]]=Table4[[#This Row],[trim]] -> FALSE | D40: =Table4[[#This Row],[ypn]]*1 -> 7119172930 | E40: =TYPE(Table4[[#This Row],[ypn]]) -> 1 | F40: 10.21.37967A
A41: 7119626030 | B41: =TRIM(Table4[[#This Row],[ypn]]) -> 7119626030 | C41: =Table4[[#This Row],[ypn]]=Table4[[#This Row],[trim]] -> FALSE | D41: =Table4[[#This Row],[ypn]]*1 -> 7119626030 | E41: =TYPE(Table4[[#This Row],[ypn]]) -> 1 | F41: 10.21.37930A
A42: 7119641970 | B42: =TRIM(Table4[[#This Row],[ypn]]) -> 7119641970 | C42: =Table4[[#This Row],[ypn]]=Table4[[#This Row],[trim]] -> FALSE | D42: =Table4[[#This Row],[ypn]]*1 -> 7119641970 | E42: =TYPE(Table4[[#This Row],[ypn]]) -> 1 | F42: 10.21.84399
A43: 7119668820 | B43: =TRIM(Table4[[#This Row],[ypn]]) -> 7119668820 | C43: =Table4[[#This Row],[ypn]]=Table4[[#This Row],[trim]] -> FALSE | D43: =Table4[[#This Row],[ypn]]*1 -> 7119668820 | E43: =TYPE(Table4[[#This Row],[ypn]]) -> 1 | F43: 10.21.77335A
A44: 7176919530 | B44: =TRIM(Table4[[#This Row],[ypn]]) -> 7176919530 | C44: =Table4[[#This Row],[ypn]]=Table4[[#This Row],[trim]] -> FALSE | D44: =Table4[[#This Row],[ypn]]*1 -> 7176919530 | E44: =TYPE(Table4[[#This Row],[ypn]]) -> 1 | F44: 10.21.84405A
... A58: 7223686530 | B58: =TRIM(Table4[[#This Row],[ypn]]) -> 7223686530 | C58: =Table4[[#This Row],[ypn]]=Table4[[#This Row],[trim]] -> FALSE | D58: =Table4[[#This Row],[ypn]]*1 -> 7223686530 | E58: =TYPE(Table4[[#This Row],[ypn]]) -> 1 | F58: 10.21.38686A
A59: 7247081430 | B59: =TRIM(Table4[[#This Row],[ypn]]) -> 7247081430 | C59: =Table4[[#This Row],[ypn]]=Table4[[#This Row],[trim]] -> FALSE | D59: =Table4[[#This Row],[ypn]]*1 -> 7247081430 | E59: =TYPE(Table4[[#This Row],[ypn]]) -> 1
A60: 7247374530 | B60: =TRIM(Table4[[#This Row],[ypn]]) -> 7247374530 | C60: =Table4[[#This Row],[ypn]]=Table4[[#This Row],[trim]] -> FALSE | D60: =Table4[[#This Row],[ypn]]*1 -> 7247374530 | E60: =TYPE(Table4[[#This Row],[ypn]]) -> 1 | F60: 10.21.71356G | G60: erozina TR
A61: 7247374930 | B61: =TRIM(Table4[[#This Row],[ypn]]) -> 7247374930 | C61: =Table4[[#This Row],[ypn]]=Table4[[#This Row],[trim]] -> FALSE | D61: =Table4[[#This Row],[ypn]]*1 -> 7247374930 | E61: =TYPE(Table4[[#This Row],[ypn]]) -> 1
A62: 7247760930 | B62: =TRIM(Table4[[#This Row],[ypn]]) -> 7247760930 | C62: =Table4[[#This Row],[ypn]]=Table4[[#This Row],[trim]] -> FALSE | D62: =Table4[[#This Row],[ypn]]*1 -> 7247760930 | E62: =TYPE(Table4[[#This Row],[ypn]]) -> 1
A63: 7247761330 | B63: =TRIM(Table4[[#This Row],[ypn]]) -> 7247761330 | C63: =Table4[[#This Row],[ypn]]=Table4[[#This Row],[trim]] -> FALSE | D63: =Table4[[#This Row],[ypn]]*1 -> 7247761330 | E63: =TYPE(Table4[[#This Row],[ypn]]) -> 1 | F63: 10.21.84747F
A64: 7247781530 | B64: =TRIM(Table4[[#This Row],[ypn]]) -> 7247781530 | C64: =Table4[[#This Row],[ypn]]=Table4[[#This Row],[trim]] -> FALSE | D64: =Table4[[#This Row],[ypn]]*1 -> 7247781530 | E64: =TYPE(Table4[[#This Row],[ypn]]) -> 1
A65: 7247781630 | B65: =TRIM(Table4[[#This Row],[ypn]]) -> 7247781630 | C65: =Table4[[#This Row],[ypn]]=Table4[[#This Row],[trim]] -> FALSE | D65: =Table4[[#This Row],[ypn]]*1 -> 7247781630 | E65: =TYPE(Table4[[#This Row],[ypn]]) -> 1 | F65: 10.21.96418I
A66: 7247781730 | B66: =TRIM(Table4[[#This Row],[ypn]]) -> 7247781730 | C66: =Table4[[#This Row],[ypn]]=Table4[[#This Row],[trim]] -> FALSE | D66: =Table4[[#This Row],[ypn]]*1 -> 7247781730 | E66: =TYPE(Table4[[#This Row],[ypn]]) -> 1
A67: 7247792930 | B67: =TRIM(Table4[[#This Row],[ypn]]) -> 7247792930 | C67: =Table4[[#This Row],[ypn]]=Table4[[#This Row],[trim]] -> FALSE | D67: =Table4[[#This Row],[ypn]]*1 -> 7247792930 | E67: =TYPE(Table4[[#This Row],[ypn]]) -> 1
A68: 7252726530 | B68: =TRIM(Table4[[#This Row],[ypn]]) -> 7252726530 | C68: =Table4[[#This Row],[ypn]]=Table4[[#This Row],[trim]] -> FALSE | D68: =Table4[[#This Row],[ypn]]*1 -> 7252726530 | E68: =TYPE(Table4[[#This Row],[ypn]]) -> 1
A69: 7252735930 | B69: =TRIM(Table4[[#This Row],[ypn]]) -> 7252735930 | C69: =Table4[[#This Row],[ypn]]=Table4[[#This Row],[trim]] -> FALSE | D69: =Table4[[#This Row],[ypn]]*1 -> 7252735930 | E69: =TYPE(Table4[[#This Row],[ypn]]) -> 1
A70: 7252779130 | B70: =TRIM(Table4[[#This Row],[ypn]]) -> 7252779130 | C70: =Table4[[#This Row],[ypn]]=Table4[[#This Row],[trim]] -> FALSE | D70: =Table4[[#This Row],[ypn]]*1 -> 7252779130 | E70: =TYPE(Table4[[#This Row],[ypn]]) -> 1
A71: 7252785330 | B71: =TRIM(Table4[[#This Row],[ypn]]) -> 7252785330 | C71: =Table4[[#This Row],[ypn]]=Table4[[#This Row],[trim]] -> FALSE | D71: =Table4[[#This Row],[ypn]]*1 -> 7252785330 | E71: =TYPE(Table4[[#This Row],[ypn]]) -> 1
A72: 7252809330 | B72: =TRIM(Table4[[#This Row],[ypn]]) -> 7252809330 | C72: =Table4[[#This Row],[ypn]]=Table4[[#This Row],[trim]] -> FALSE | D72: =Table4[[#This Row],[ypn]]*1 -> 7252809330 | E72: =TYPE(Table4[[#This Row],[ypn]]) -> 1
A73: 7252815130 | B73: =TRIM(Table4[[#This Row],[ypn]]) -> 7252815130 | C73: =Table4[[#This Row],[ypn]]=Table4[[#This Row],[trim]] -> FALSE | D73: =Table4[[#This Row],[ypn]]*1 -> 7252815130 | E73: =TYPE(Table4[[#This Row],[ypn]]) -> 1
A74: 7252832130 | B74: =TRIM(Table4[[#This Row],[ypn]]) -> 7252832130 | C74: =Table4[[#This Row],[ypn]]=Table4[[#This Row],[trim]] -> FALSE | D74: =Table4[[#This Row],[ypn]]*1 -> 7252832130 | E74: =TYPE(Table4[[#This Row],[ypn]]) -> 1
A75: 7278246930 | B75: =TRIM(Table4[[#This Row],[ypn]]) -> 7278246930 | C75: =Table4[[#This Row],[ypn]]=Table4[[#This Row],[trim]] -> FALSE | D75: =Table4[[#This Row],[ypn]]*1 -> 7278246930 | E75: =TYPE(Table4[[#This Row],[ypn]]) -> 1 | F75: 10.21.65866A
A76: 7278258230 | B76: =TRIM(Table4[[#This Row],[ypn]]) -> 7278258230 | C76: =Table4[[#This Row],[ypn]]=Table4[[#This Row],[trim]] -> FALSE | D76: =Table4[[#This Row],[ypn]]*1 -> 7278258230 | E76: =TYPE(Table4[[#This Row],[ypn]]) -> 1 | F76: 10.21.94327
A77: 7278258330 | B77: =TRIM(Table4[[#This Row],[ypn]]) -> 7278258330 | C77: =Table4[[#This Row],[ypn]]=Table4[[#This Row],[trim]] -> FALSE | D77: =Table4[[#This Row],[ypn]]*1 -> 7278258330 | E77: =TYPE(Table4[[#This Row],[ypn]]) -> 1 | F77: 10.21.77357
A78: 7283837230 | B78: =TRIM(Table4[[#This Row],[ypn]]) -> 7283837230 | C78: =Table4[[#This Row],[ypn]]=Table4[[#This Row],[trim]] -> FALSE | D78: =Table4[[#This Row],[ypn]]*1 -> 7283837230 | E78: =TYPE(Table4[[#This Row],[ypn]]) -> 1 | F78: 10.21.48718A
A79: 7289042870 | B79: =TRIM(Table4[[#This Row],[ypn]]) -> 7289042870 | C79: =Table4[[#This Row],[ypn]]=Table4[[#This Row],[trim]] -> FALSE | D79: =Table4[[#This Row],[ypn]]*1 -> 7289042870 | E79: =TYPE(Table4[[#This Row],[ypn]]) -> 1 | F79: 10.21.84421
A80: 7289059730 | B80: =TRIM(Table4[[#This Row],[ypn]]) -> 7289059730 | C80: =Table4[[#This Row],[ypn]]=Table4[[#This Row],[trim]] -> FALSE | D80: =Table4[[#This Row],[ypn]]*1 -> 7289059730 | E80: =TYPE(Table4[[#This Row],[ypn]]) -> 1 | F80: 10.21.37883B
A81: 7289063430 | B81: =TRIM(Table4[[#This Row],[ypn]]) -> 7289063430 | C81: =Table4[[#This Row],[ypn]]=Table4[[#This Row],[trim]] -> FALSE | D81: =Table4[[#This Row],[ypn]]*1 -> 7289063430 | E81: =TYPE(Table4[[#This Row],[ypn]]) -> 1 | F81: 10.21.37965A
A82: 7289063730 | B82: =TRIM(Table4[[#This Row],[ypn]]) -> 7289063730 | C82: =Table4[[#This Row],[ypn]]=Table4[[#This Row],[trim]] -> FALSE | D82: =Table4[[#This Row],[ypn]]*1 -> 7289063730 | E82: =TYPE(Table4[[#This Row],[ypn]]) -> 1 | F82: 10.21.37964A
A83: 7289405130 | B83: =TRIM(Table4[[#This Row],[ypn]]) -> 7289405130 | C83: =Table4[[#This Row],[ypn]]=Table4[[#This Row],[trim]] -> FALSE | D83: =Table4[[#This Row],[ypn]]*1 -> 7289405130 | E83: =TYPE(Table4[[#This Row],[ypn]]) -> 1 | F83: 10.21.38683A
A84: 7289405830 | B84: =TRIM(Table4[[#This Row],[ypn]]) -> 7289405830 | C84: =Table4[[#This Row],[ypn]]=Table4[[#This Row],[trim]] -> FALSE | D84: =Table4[[#This Row],[ypn]]*1 -> 7289405830 | E84: =TYPE(Table4[[#This Row],[ypn]]) -> 1 | F84: 10.21.37986A
A85: 7289464330 | B85: =TRIM(Table4[[#This Row],[ypn]]) -> 7289464330 | C85: =Table4[[#This Row],[ypn]]=Table4[[#This Row],[trim]] -> FALSE | D85: =Table4[[#This Row],[ypn]]*1 -> 7289464330 | E85: =TYPE(Table4[[#This Row],[ypn]]) -> 1 | F85: 10.21.37988A
A86: 7289690230 | B86: =TRIM(Table4[[#This Row],[ypn]]) -> 7289690230 | C86: =Table4[[#This Row],[ypn]]=Table4[[#This Row],[trim]] -> FALSE | D86: =Table4[[#This Row],[ypn]]*1 -> 7289690230 | E86: =TYPE(Table4[[#This Row],[ypn]]) -> 1 | F86: 10.21.37887A
... A105: 7003292202 | B105: =TRIM(Table4[[#This Row],[ypn]]) -> 7003292202 | C105: =Table4[[#This Row],[ypn]]=Table4[[#This Row],[trim]] -> FALSE | D105: =Table4[[#This Row],[ypn]]*1 -> 7003292202 | E105: =TYPE(Table4[[#This Row],[ypn]]) -> 1 | F105: 10.21.44739A
A106: 7003293002(RINGTERMINAL) | B106: =TRIM(Table4[[#This Row],[ypn]]) -> 7003293002(RINGTERMINAL) | C106: =Table4[[#This Row],[ypn]]=Table4[[#This Row],[trim]] -> TRUE | D106: =Table4[[#This Row],[ypn]]*1 -> #VALUE! | E106: =TYPE(Table4[[#This Row],[ypn]]) -> 2 | F106: 10.21.83556A
A107: 7003803202(RINGTERMINAL) | B107: =TRIM(Table4[[#This Row],[ypn]]) -> 7003803202(RINGTERMINAL) | C107: =Table4[[#This Row],[ypn]]=Table4[[#This Row],[trim]] -> TRUE | D107: =Table4[[#This Row],[ypn]]*1 -> #VALUE! | E107: =TYPE(Table4[[#This Row],[ypn]]) -> 2 | F107: 10.21.83557A
A108: 7003803502 | B108: =TRIM(Table4[[#This Row],[ypn]]) -> 7003803502 | C108: =Table4[[#This Row],[ypn]]=Table4[[#This Row],[trim]] -> FALSE | D108: =Table4[[#This Row],[ypn]]*1 -> 7003803502 | E108: =TYPE(Table4[[#This Row],[ypn]]) -> 1 | F108: 10.21.80779A
A109: 7009630402 | B109: =TRIM(Table4[[#This Row],[ypn]]) -> 7009630402 | C109: =Table4[[#This Row],[ypn]]=Table4[[#This Row],[trim]] -> FALSE | D109: =Table4[[#This Row],[ypn]]*1 -> 7009630402 | E109: =TYPE(Table4[[#This Row],[ypn]]) -> 1 | F109: 10.21.77118B
A110: 7009639402 | B110: =TRIM(Table4[[#This Row],[ypn]]) -> 7009639402 | C110: =Table4[[#This Row],[ypn]]=Table4[[#This Row],[trim]] -> FALSE | D110: =Table4[[#This Row],[ypn]]*1 -> 7009639402 | E110: =TYPE(Table4[[#This Row],[ypn]]) -> 1 | F110: 10.21.80780A
A111: 7075226730(X1PP5707) | B111: =TRIM(Table4[[#This Row],[ypn]]) -> 7075226730(X1PP5707) | C111: =Table4[[#This Row],[ypn]]=Table4[[#This Row],[trim]] -> TRUE | D111: =Table4[[#This Row],[ypn]]*1 -> #VALUE! | E111: =TYPE(Table4[[#This Row],[ypn]]) -> 2 | F111: 10.21.77120A
A112: 7075231830(X1PO2395) | B112: =TRIM(Table4[[#This Row],[ypn]]) -> 7075231830(X1PO2395) | C112: =Table4[[#This Row],[ypn]]=Table4[[#This Row],[trim]] -> TRUE | D112: =Table4[[#This Row],[ypn]]*1 -> #VALUE! | E112: =TYPE(Table4[[#This Row],[ypn]]) -> 2 | F112: 10.21.80874C
A113: 7075231930(X1PO2518) | B113: =TRIM(Table4[[#This Row],[ypn]]) -> 7075231930(X1PO2518) | C113: =Table4[[#This Row],[ypn]]=Table4[[#This Row],[trim]] -> TRUE | D113: =Table4[[#This Row],[ypn]]*1 -> #VALUE! | E113: =TYPE(Table4[[#This Row],[ypn]]) -> 2 | F113: 10.21.77378A
A114: 7075236930(X1PO2363) | B114: =TRIM(Table4[[#This Row],[ypn]]) -> 7075236930(X1PO2363) | C114: =Table4[[#This Row],[ypn]]=Table4[[#This Row],[trim]] -> TRUE | D114: =Table4[[#This Row],[ypn]]*1 -> #VALUE! | E114: =TYPE(Table4[[#This Row],[ypn]]) -> 2 | F114: 10.21.77381A
A115: 7118641830+7173344320 | B115: =TRIM(Table4[[#This Row],[ypn]]) -> 7118641830+7173344320 | C115: =Table4[[#This Row],[ypn]]=Table4[[#This Row],[trim]] -> TRUE | D115: =Table4[[#This Row],[ypn]]*1 -> #VALUE! | E115: =TYPE(Table4[[#This Row],[ypn]]) -> 2 | F115: 10.21.45821C
A116: 71186683+7173344320 | B116: =TRIM(Table4[[#This Row],[ypn]]) -> 71186683+7173344320 | C116: =Table4[[#This Row],[ypn]]=Table4[[#This Row],[trim]] -> TRUE | D116: =Table4[[#This Row],[ypn]]*1 -> #VALUE! | E116: =TYPE(Table4[[#This Row],[ypn]]) -> 2 | F116: 10.21.80708A
A117: 7118670020 | B117: =TRIM(Table4[[#This Row],[ypn]]) -> 7118670020 | C117: =Table4[[#This Row],[ypn]]=Table4[[#This Row],[trim]] -> FALSE | D117: =Table4[[#This Row],[ypn]]*1 -> 7118670020 | E117: =TYPE(Table4[[#This Row],[ypn]]) -> 1 | F117: 10.21.77057A
A118: 7119127830+7234894130 | B118: =TRIM(Table4[[#This Row],[ypn]]) -> 7119127830+7234894130 | C118: =Table4[[#This Row],[ypn]]=Table4[[#This Row],[trim]] -> TRUE | D118: =Table4[[#This Row],[ypn]]*1 -> #VALUE! | E118: =TYPE(Table4[[#This Row],[ypn]]) -> 2 | F118: 10.21.38711A
A119: 7119140530+7119140640+72741359 | B119: =TRIM(Table4[[#This Row],[ypn]]) -> 7119140530+7119140640+72741359 | C119: =Table4[[#This Row],[ypn]]=Table4[[#This Row],[trim]] -> TRUE | D119: =Table4[[#This Row],[ypn]]*1 -> #VALUE! | E119: =TYPE(Table4[[#This Row],[ypn]]) -> 2 | F119: 10.21.83585B
A120: 71196310 | B120: =TRIM(Table4[[#This Row],[ypn]]) -> 71196310 | C120: =Table4[[#This Row],[ypn]]=Table4[[#This Row],[trim]] -> FALSE | D120: =Table4[[#This Row],[ypn]]*1 -> 71196310 | E120: =TYPE(Table4[[#This Row],[ypn]]) -> 1 | F120: 10.21.80880A
A121: 7119639830 | B121: =TRIM(Table4[[#This Row],[ypn]]) -> 7119639830 | C121: =Table4[[#This Row],[ypn]]=Table4[[#This Row],[trim]] -> FALSE | D121: =Table4[[#This Row],[ypn]]*1 -> 7119639830 | E121: =TYPE(Table4[[#This Row],[ypn]]) -> 1 | F121: 10.21.38505
A122: 7119648630+7274171430 | B122: =TRIM(Table4[[#This Row],[ypn]]) -> 7119648630+7274171430 | C122: =Table4[[#This Row],[ypn]]=Table4[[#This Row],[trim]] -> TRUE | D122: =Table4[[#This Row],[ypn]]*1 -> #VALUE! | E122: =TYPE(Table4[[#This Row],[ypn]]) -> 2 | F122: 10.21.38730B
A123: 7176861930(X1PO2578) | B123: =TRIM(Table4[[#This Row],[ypn]]) -> 7176861930(X1PO2578) | C123: =Table4[[#This Row],[ypn]]=Table4[[#This Row],[trim]] -> TRUE | D123: =Table4[[#This Row],[ypn]]*1 -> #VALUE! | E123: =TYPE(Table4[[#This Row],[ypn]]) -> 2 | F123: 10.21.78863A
A124: 7176862030(X1PO2580) | B124: =TRIM(Table4[[#This Row],[ypn]]) -> 7176862030(X1PO2580) | C124: =Table4[[#This Row],[ypn]]=Table4[[#This Row],[trim]] -> TRUE | D124: =Table4[[#This Row],[ypn]]*1 -> #VALUE! | E124: =TYPE(Table4[[#This Row],[ypn]]) -> 2 | F124: 10.21.78862A
A125: 7176862130(X1PO2557) | B125: =TRIM(Table4[[#This Row],[ypn]]) -> 7176862130(X1PO2557) | C125: =Table4[[#This Row],[ypn]]=Table4[[#This Row],[trim]] -> TRUE | D125: =Table4[[#This Row],[ypn]]*1 -> #VALUE! | E125: =TYPE(Table4[[#This Row],[ypn]]) -> 2 | F125: 10.21.77386A
A126: 7176862330(X1PO2559) | B126: =TRIM(Table4[[#This Row],[ypn]]) -> 7176862330(X1PO2559) | C126: =Table4[[#This Row],[ypn]]=Table4[[#This Row],[trim]] -> TRUE | D126: =Table4[[#This Row],[ypn]]*1 -> #VALUE! | E126: =TYPE(Table4[[#This Row],[ypn]]) -> 2 | F126: 10.21.77387A
A127: 7176862730(X1PO2563) | B127: =TRIM(Table4[[#This Row],[ypn]]) -> 7176862730(X1PO2563) | C127: =Table4[[#This Row],[ypn]]=Table4[[#This Row],[trim]] -> TRUE | D127: =Table4[[#This Row],[ypn]]*1 -> #VALUE! | E127: =TYPE(Table4[[#This Row],[ypn]]) -> 2 | F127: 10.21.77390A
A128: 7176862930(X1PO2407) | B128: =TRIM(Table4[[#This Row],[ypn]]) -> 7176862930(X1PO2407) | C128: =Table4[[#This Row],[ypn]]=Table4[[#This Row],[trim]] -> TRUE | D128: =Table4[[#This Row],[ypn]]*1 -> #VALUE! | E128: =TYPE(Table4[[#This Row],[ypn]]) -> 2 | F128: 10.21.77384A
A129: 7176863030(X1PO2408) | B129: =TRIM(Table4[[#This Row],[ypn]]) -> 7176863030(X1PO2408) | C129: =Table4[[#This Row],[ypn]]=Table4[[#This Row],[trim]] -> TRUE | D129: =Table4[[#This Row],[ypn]]*1 -> #VALUE! | E129: =TYPE(Table4[[#This Row],[ypn]]) -> 2 | F129: 10.21.77391A
A130: 7176874730(X1PO2553) | B130: =TRIM(Table4[[#This Row],[ypn]]) -> 7176874730(X1PO2553) | C130: =Table4[[#This Row],[ypn]]=Table4[[#This Row],[trim]] -> TRUE | D130: =Table4[[#This Row],[ypn]]*1 -> #VALUE! | E130: =TYPE(Table4[[#This Row],[ypn]]) -> 2 | F130: 10.21.77388A
A131: 7177097330 | B131: =TRIM(Table4[[#This Row],[ypn]]) -> 7177097330 | C131: =Table4[[#This Row],[ypn]]=Table4[[#This Row],[trim]] -> FALSE | D131: =Table4[[#This Row],[ypn]]*1 -> 7177097330 | E131: =TYPE(Table4[[#This Row],[ypn]]) -> 1 | F131: 10.21.96345
...

Sheet b1-6
A1: job_order_number | B1: batch_id | C1: quantity | D1: id | E1: ma_number | F1: parent_id | G1: dimension_x | H1: dimension_y | I1: dimension_z | J1: color_id | K1: material_id | L1: color_name_bg | M1: material_code | N1: name | O1: type_id | P1: description | Q1: type_code | R1: material_name_bg | S1: process_cut | T1: process_mill | U1: is_assembly | V1: price_offer_num | W1: dimension_x_g | X1: dimension_y_g | Y1: dimension_z_g | Z1: qty_per_group | AA1: id2 | AB1: project_name | AC1: CUT | AD1: CNC | AE1: ASSY | AF1: QC | AG1: PACK
A2: 261758 | B2: 8 | C2: 1 | D2: 1200 | E2: 10.21.80751A | G2: 90 | H2: 50 | I2: 52 | J2: 74 | K2: 64 | L2: БЯЛ | M2: POM | N2: 7119140530+7119140640+72741359 | O2: 7 | Q2: CH | R2: ДЕЛРИН | S2: 1 | T2: 0 | U2: 0 | AB2: MMA
A3: 261759 | B3: 8 | C3: 1 | D3: 1246 | E3: 10.21.77152A | G3: 42 | H3: 37 | I3: 51 | J3: 75 | K3: 64 | L3: ЧЕРЕН | M3: POM | N3: 7283837230 | O3: 7 | Q3: CH | R3: ДЕЛРИН | S3: 1 | T3: 0 | U3: 0 | AB3: MMA
A4: 261760 | B4: 8 | C4: 2 | D4: 1270 | E4: 10.21.77038A | G4: 42 | H4: 37 | I4: 43 | J4: 80 | K4: 64 | L4: ЖЪЛТ | M4: POM | N4: ASSY_CA288A15199XXX | O4: 7 | Q4: CH | R4: ДЕЛРИН | S4: 1 | T4: 0 | U4: 0 | AB4: MMA | AC4: sc35h
A5: 261761 | B5: 8 | C5: 2 | D5: 1302 | E5: 10.21.96734 | G5: 36 | H5: 26 | I5: 50 | J5: 75 | K5: 64 | L5: ЧЕРЕН | M5: POM | N5: 7247760930 | O5: 25 | Q5: CLIP H | R5: ДЕЛРИН | S5: 1 | T5: 0 | U5: 0 | AB5: MMA
A6: 261762 | B6: 8 | C6: 1 | D6: 1310 | E6: 10.21.96733 | G6: 37 | H6: 35 | I6: 60 | J6: 75 | K6: 64 | L6: ЧЕРЕН | M6: POM | N6: 7252726530 | O6: 25 | Q6: CLIP H | R6: ДЕЛРИН | S6: 1 | T6: 0 | U6: 0 | AB6: MMA
A7: 261763 | B7: 8 | C7: 1 | D7: 1312 | E7: 10.21.96697 | G7: 36 | H7: 26 | I7: 47 | J7: 75 | K7: 64 | L7: ЧЕРЕН | M7: POM | N7: 7252785330 | O7: 25 | P7: 138x36x47-(x5PCS) | Q7: CLIP H | R7: ДЕЛРИН | S7: 1 | T7: 0 | U7: 0 | W7: 138 | X7: 36 | Y7: 47 | Z7: 5 | AA7: 5 | AB7: MMA
A8: 261764 | B8: 8 | C8: 6 | D8: 1333 | E8: 10.21.83782A | G8: 55 | H8: 40 | I8: 50 | J8: 74 | K8: 64 | L8: БЯЛ | M8: POM | N8: A1729821302_EYELET V1 | O8: 7 | Q8: CH | R8: ДЕЛРИН | S8: 1 | T8: 0 | U8: 0 | AB8: MMA
A9: 261765 | B9: 8 | C9: 2 | D9: 4893 | E9: 10.21.28341A | G9: 60 | H9: 39 | I9: 45 | J9: 74 | K9: 64 | L9: БЯЛ | M9: POM | N9: 7003293002 | O9: 7 | Q9: CH | R9: ДЕЛРИН | S9: 1 | T9: 0 | U9: 0 | AB9: MMA | AC9: sc35h
A10: 261766 | B10: 8 | C10: 1 | D10: 4894 | E10: 10.21.83799A | G10: 53 | H10: 46 | I10: 49 | J10: 74 | K10: 64 | L10: БЯЛ | M10: POM | N10: 7003789102 | O10: 7 | Q10: CH | R10: ДЕЛРИН | S10: 1 | T10: 0 | U10: 0 | AB10: MMA | AC10: sc35h
A11: 261767 | B11: 8 | C11: 2 | D11: 4895 | E11: 10.21.83616A | G11: 45 | H11: 42 | I11: 45 | J11: 74 | K11: 64 | L11: БЯЛ | M11: POM | N11: 7003803702 | O11: 7 | Q11: CH | R11: ДЕЛРИН | S11: 1 | T11: 0 | U11: 0 | AB11: MMA
A12: 261768 | B12: 8 | C12: 1 | D12: 4896 | E12: 10.21.83584A | G12: 70 | H12: 46 | I12: 45 | J12: 74 | K12: 64 | L12: БЯЛ | M12: POM | N12: 7003827402 | O12: 7 | Q12: CH | R12: ДЕЛРИН | S12: 1 | T12: 0 | U12: 0 | AB12: MMA
A13: 261769 | B13: 8 | C13: 2 | D13: 4897 | E13: 10.21.76999A | G13: 55 | H13: 41 | I13: 45 | J13: 74 | K13: 64 | L13: БЯЛ | M13: POM | N13: 7009630402 | O13: 7 | Q13: CH | R13: ДЕЛРИН | S13: 1 | T13: 0 | U13: 0 | AB13: MMA | AC13: sc35h
A14: 261770 | B14: 8 | C14: 2 | D14: 4898 | E14: 10.21.42697A | G14: 46 | H14: 36 | I14: 42 | J14: 74 | K14: 64 | L14: БЯЛ | M14: POM | N14: 7009639402 | O14: 7 | Q14: CH | R14: ДЕЛРИН | S14: 1 | T14: 0 | U14: 0 | AB14: MMA
A15: 261771 | B15: 8 | C15: 2 | D15: 4900 | E15: 10.21.83617A | G15: 41 | H15: 42 | I15: 45 | J15: 74 | K15: 64 | L15: БЯЛ | M15: POM | N15: 7009741502 | O15: 7 | Q15: CH | R15: ДЕЛРИН | S15: 1 | T15: 0 | U15: 0 | AB15: MMA
A16: 261772 | B16: 8 | C16: 2 | D16: 4902 | E16: 10.21.80728A | G16: 45 | H16: 46 | I16: 46 | J16: 74 | K16: 64 | L16: БЯЛ | M16: POM | N16: 7003803502 | O16: 7 | Q16: CH | R16: ДЕЛРИН | S16: 1 | T16: 0 | U16: 0 | AB16: MMA
A17: 261773 | B17: 8 | C17: 1 | D17: 4903 | E17: 10.21.76992A | G17: 52 | H17: 46 | I17: 60 | J17: 75 | K17: 64 | L17: ЧЕРЕН | M17: POM | N17: 7219182630 | O17: 7 | Q17: CH | R17: ДЕЛРИН | S17: 1 | T17: 0 | U17: 0 | AB17: MMA
A18: 261774 | B18: 8 | C18: 4 | D18: 4904 | E18: 10.21.35897A | G18: 47 | H18: 39 | I18: 50 | J18: 75 | K18: 64 | L18: ЧЕРЕН | M18: POM | N18: 7219622130 | O18: 7 | Q18: CH | R18: ДЕЛРИН | S18: 1 | T18: 0 | U18: 0 | AB18: MMA
A19: 261775 | B19: 8 | C19: 2 | D19: 4905 | E19: 10.21.76989A | G19: 43 | H19: 41 | I19: 54 | J19: 75 | K19: 64 | L19: ЧЕРЕН | M19: POM | N19: 7219632030 | O19: 7 | Q19: CH | R19: ДЕЛРИН | S19: 1 | T19: 0 | U19: 0 | AB19: MMA
A20: 261776 | B20: 8 | C20: 3 | D20: 4906 | E20: 10.21.83667A | G20: 47 | H20: 46 | I20: 50 | J20: 75 | K20: 64 | L20: ЧЕРЕН | M20: POM | N20: 7219632230 | O20: 7 | Q20: CH | R20: ДЕЛРИН | S20: 1 | T20: 0 | U20: 0 | AB20: MMA
A21: 261777 | B21: 8 | C21: 1 | D21: 4907 | E21: 10.21.54167A | G21: 47 | H21: 39 | I21: 50 | J21: 75 | K21: 64 | L21: ЧЕРЕН | M21: POM | N21: 7219648530 | O21: 7 | Q21: CH | R21: ДЕЛРИН | S21: 1 | T21: 0 | U21: 0 | AB21: MMA
A22: 261778 | B22: 8 | C22: 1 | D22: 4908 | E22: 10.21.47366B | G22: 48 | H22: 37 | I22: 60 | J22: 75 | K22: 64 | L22: ЧЕРЕН | M22: POM | N22: 7219652330 | O22: 7 | Q22: CH | R22: ДЕЛРИН | S22: 1 | T22: 0 | U22: 0 | AB22: MMA
A23: 261779 | B23: 8 | C23: 1 | D23: 4912 | E23: 10.21.49811L | G23: 46 | H23: 44 | I23: 75 | J23: 75 | K23: 64 | L23: ЧЕРЕН | M23: POM | N23: 7289059730 | O23: 7 | Q23: CH | R23: ДЕЛРИН | S23: 1 | T23: 0 | U23: 0 | AB23: MMA
A24: 261780 | B24: 8 | C24: 3 | D24: 4913 | E24: 10.21.35126A | G24: 44 | H24: 43 | I24: 47 | J24: 75 | K24: 64 | L24: ЧЕРЕН | M24: POM | N24: 7289063730 | O24: 7 | Q24: CH | R24: ДЕЛРИН | S24: 1 | T24: 0 | U24: 0 | AB24: MMA | AC24: sc35h
A25: 261781 | B25: 8 | C25: 3 | D25: 4914 | E25: 10.21.47158B | G25: 48 | H25: 40 | I25: 52 | J25: 75 | K25: 64 | L25: ЧЕРЕН | M25: POM | N25: 72893837 | O25: 7 | Q25: CH | R25: ДЕЛРИН | S25: 1 | T25: 0 | U25: 0 | AB25: MMA
A26: 261782 | B26: 8 | C26: 1 | D26: 4915 | E26: 10.21.36272A | G26: 45 | H26: 44 | I26: 47 | J26: 75 | K26: 64 | L26: ЧЕРЕН | M26: POM | N26: 7289405130 | O26: 7 | Q26: CH | R26: ДЕЛРИН | S26: 1 | T26: 0 | U26: 0 | AB26: MMA
A27: 261783 | B27: 8 | C27: 1 | D27: 4917 | E27: 10.21.47450E | G27: 50 | H27: 38 | I27: 52 | J27: 76 | K27: 64 | L27: СИН | M27: POM | N27: 7289464330 | O27: 7 | Q27: CH | R27: ДЕЛРИН | S27: 1 | T27: 0 | U27: 0 | AB27: MMA
A28: 261784 | B28: 8 | C28: 1 | D28: 4918 | E28: 10.21.54157A | G28: 44 | H28: 45 | I28: 78 | J28: 74 | K28: 64 | L28: БЯЛ | M28: POM | N28: 72895381 | O28: 7 | Q28: CH | R28: ДЕЛРИН | S28: 1 | T28: 0 | U28: 0 | AB28: MMA
A29: 261785 | B29: 8 | C29: 4 | D29: 4919 | E29: 10.21.80759A | G29: 45 | H29: 40 | I29: 50 | J29: 76 | K29: 64 | L29: СИН | M29: POM | N29: 7289734390 | O29: 7 | Q29: CH | R29: ДЕЛРИН | S29: 1 | T29: 0 | U29: 0 | AB29: MMA
A30: 261786 | B30: 8 | C30: 2 | D30: 4920 | E30: 10.21.72973 | G30: 47 | H30: 51 | I30: 80 | J30: 75 | K30: 64 | L30: ЧЕРЕН | M30: POM | N30: 7289921730 | O30: 7 | Q30: CH | R30: ДЕЛРИН | S30: 1 | T30: 0 | U30: 0 | AB30: MMA
A31: 261787 | B31: 8 | C31: 2 | D31: 4921 | E31: 10.21.80722A | G31: 40 | H31: 34 | I31: 48 | J31: 74 | K31: 64 | L31: БЯЛ | M31: POM | N31: 72980475 | O31: 7 | Q31: CH | R31: ДЕЛРИН | S31: 1 | T31: 0 | U31: 0 | AB31: MMA
A32: 261788 | B32: 8 | C32: 1 | D32: 4923 | E32: 10.21.76980B | G32: 44 | H32: 42 | I32: 50 | J32: 75 | K32: 64 | L32: ЧЕРЕН | M32: POM | N32: 7298677930 | O32: 7 | Q32: CH | R32: ДЕЛРИН | S32: 1 | T32: 0 | U32: 0 | AB32: MMA
A33: 261789 | B33: 8 | C33: 4 | D33: 4925 | E33: 10.21.76961A | G33: 48 | H33: 45 | I33: 58 | J33: 75 | K33: 64 | L33: ЧЕРЕН | M33: POM | N33: 7298912930 | O33: 7 | Q33: CH | R33: ДЕЛРИН | S33: 1 | T33: 0 | U33: 0 | AB33: MMA
A34: 261790 | B34: 8 | C34: 1 | D34: 5132 | E34: 10.21.76963A | G34: 44 | H34: 42 | I34: 51 | J34: 75 | K34: 64 | L34: ЧЕРЕН | M34: POM | N34: 7298913330 | O34: 7 | Q34: CH | R34: ДЕЛРИН | S34: 1 | T34: 0 | U34: 0 | AC34: sc35h
A35: 261791 | B35: 8 | C35: 1 | D35: 4927 | E35: 10.21.72976A | G35: 44 | H35: 41 | I35: 50 | J35: 75 | K35: 64 | L35: ЧЕРЕН | M35: POM | N35: 7298948930 | O35: 7 | Q35: CH | R35: ДЕЛРИН | S35: 1 | T35: 0 | U35: 0 | AB35: MMA
A36: 261792 | B36: 8 | C36: 1 | D36: 4928 | E36: 10.21.76979B | G36: 44 | H36: 42 | I36: 50 | J36: 75 | K36: 64 | L36: ЧЕРЕН | M36: POM | N36: 7298949030 | O36: 7 | Q36: CH | R36: ДЕЛРИН | S36: 1 | T36: 0 | U36: 0
A37: 261793 | B37: 8 | C37: 3 | D37: 4929 | E37: 10.21.76965A | G37: 52 | H37: 41 | I37: 50 | J37: 75 | K37: 64 | L37: ЧЕРЕН | M37: POM | N37: ASSY_118021051 | O37: 7 | Q37: CH | R37: ДЕЛРИН | S37: 1 | T37: 0 | U37: 0 | AB37: MMA
A38: 261794 | B38: 8 | C38: 1 | D38: 4930 | E38: 10.21.77186A | G38: 53 | H38: 36 | I38: 45 | J38: 77 | K38: 64 | L38: КАФЯВ | M38: POM | N38: ASSY_59Z163003F/ASSY_59Z163DC0F | O38: 7 | Q38: CH | R38: ДЕЛРИН | S38: 1 | T38: 0 | U38: 0 | AB38: MMA | AC38: sc35h
A39: 261795 | B39: 8 | C39: 1 | D39: 4931 | E39: 10.21.42430A | G39: 60 | H39: 39 | I39: 45 | J39: 74 | K39: 64 | L39: БЯЛ | M39: POM | N39: 7003292202 | O39: 7 | Q39: CH | R39: ДЕЛРИН | S39: 1 | T39: 0 | U39: 0 | AB39: MMA
A40: 261796 | B40: 8 | C40: 2 | D40: 4934 | E40: 10.21.54176B | G40: 38 | H40: 37 | I40: 69 | J40: 75 | K40: 64 | L40: ЧЕРЕН | M40: POM | N40: 7289256230+7174167930A | O40: 7 | Q40: CH | R40: ДЕЛРИН | S40: 1 | T40: 0 | U40: 0 | AB40: MMA
A41: 261797 | B41: 8 | C41: 1 | D41: 4937 | E41: 10.21.83614A | G41: 50 | H41: 42 | I41: 45 | J41: 74 | K41: 64 | L41: БЯЛ | M41: POM | N41: 7009748202 | O41: 7 | Q41: CH | R41: ДЕЛРИН | S41: 1 | T41: 0 | U41: 0 | AB41: MMA
A42: 261798 | B42: 8 | C42: 1 | D42: 4942 | E42: 10.21.83669A | G42: 42 | H42: 46 | I42: 56 | J42: 75 | K42: 64 | L42: ЧЕРЕН | M42: POM | N42: 7287065830 | O42: 7 | Q42: CH | R42: ДЕЛРИН | S42: 1 | T42: 0 | U42: 0 | AB42: MMA
A43: 261799 | B43: 8 | C43: 2 | D43: 5150 | E43: 10.21.89507А | G43: 85 | H43: 48 | I43: 63 | J43: 75 | K43: 64 | L43: ЧЕРЕН | M43: POM | N43: 7035990830 | O43: 7 | Q43: CH | R43: ДЕЛРИН | S43: 1 | T43: 0 | U43: 0
A44: 261800 | B44: 8 | C44: 2 | D44: 5151 | E44: 10.21.83703А | G44: 105 | H44: 65 | I44: 68 | J44: 75 | K44: 64 | L44: ЧЕРЕН | M44: POM | N44: 7289488430+7274297830A | O44: 7 | Q44: CH | R44: ДЕЛРИН | S44: 1 | T44: 0 | U44: 0
A45: 261801 | B45: 8 | C45: 3 | D45: 5152 | E45: 10.21.02366А | G45: 39 | H45: 34 | I45: 48 | J45: 75 | K45: 64 | L45: ЧЕРЕН | M45: POM | N45: 7247781630 | O45: 25 | P45: AL Part | Q45: CLIP H | R45: ДЕЛРИН | S45: 1 | T45: 0 | U45: 0
A46: 261802 | B46: 8 | C46: 1 | D46: 5153 | E46: 10.21.00000 | N46: 7035964930 | O46: 7 | P46: NEED DESIGN | Q46: CH | S46: 0 | T46: 0 | U46: 0
A47: 261803 | B47: 8 | C47: 1 | D47: 5154 | E47: 10.21.77174A | G47: 65 | H47: 50 | I47: 70 | J47: 75 | K47: 64 | L47: ЧЕРЕН | M47: POM | N47: 7035990430 | O47: 7 | Q47: CH | R47: ДЕЛРИН | S47: 1 | T47: 0 | U47: 0
A48: 261804 | B48: 8 | C48: 1 | D48: 5155 | E48: 10.21.83697A | G48: 102 | H48: 47 | I48: 57 | J48: 75 | K48: 64 | L48: ЧЕРЕН | M48: POM | N48: 7298947030+7172174830 | O48: 7 | Q48: CH | R48: ДЕЛРИН | S48: 1 | T48: 0 | U48: 0
A49: 261805 | B49: 9 | C49: 1 | D49: 1190 | E49: 10.21.72966C | G49: 83 | H49: 57 | I49: 77 | J49: 75 | K49: 64 | L49: ЧЕРЕН | M49: POM | N49: 7075231930 | O49: 7 | Q49: CH | R49: ДЕЛРИН | S49: 1 | T49: 0 | U49: 0 | AB49: MMA

Sheet engine
A1: job_order_number | B1: batch_id | C1: quantity | D1: id | E1: ma_number | F1: parent_id | G1: dimension_x | H1: dimension_y | I1: dimension_z | J1: color_id | K1: material_id | L1: color_name_bg | M1: material_code | N1: name | O1: type_id | P1: description | Q1: type_code | R1: material_name_bg | S1: process_cut | T1: process_mill | U1: is_assembly | V1: price_offer_num | W1: dimension_x_g | X1: dimension_y_g | Y1: dimension_z_g | Z1: qty_per_group | AA1: id2 | AB1: project_name | AC1: CUT | AD1: CNC | AE1: ASSY | AF1: QC | AG1: PACK
A2: 261758 | B2: 8 | C2: 1 | D2: 1200 | E2: 10.21.80751A | G2: 90 | H2: 50 | I2: 52 | J2: 74 | K2: 64 | L2: БЯЛ | M2: POM | N2: 7119140530+7119140640+72741359 | O2: 7 | Q2: CH | R2: ДЕЛРИН | S2: 1 | T2: 0 | U2: 0 | AB2: MMA
A3: 261759 | B3: 8 | C3: 1 | D3: 1246 | E3: 10.21.77152A | G3: 42 | H3: 37 | I3: 51 | J3: 75 | K3: 64 | L3: ЧЕРЕН | M3: POM | N3: 7283837230 | O3: 7 | Q3: CH | R3: ДЕЛРИН | S3: 1 | T3: 0 | U3: 0 | AB3: MMA
A4: 261760 | B4: 8 | C4: 2 | D4: 1270 | E4: 10.21.77038A | G4: 42 | H4: 37 | I4: 43 | J4: 80 | K4: 64 | L4: ЖЪЛТ | M4: POM | N4: ASSY_CA288A15199XXX | O4: 7 | Q4: CH | R4: ДЕЛРИН | S4: 1 | T4: 0 | U4: 0 | AB4: MMA
A5: 261761 | B5: 8 | C5: 2 | D5: 1302 | E5: 10.21.96734 | G5: 36 | H5: 26 | I5: 50 | J5: 75 | K5: 64 | L5: ЧЕРЕН | M5: POM | N5: 7247760930 | O5: 25 | Q5: CLIP H | R5: ДЕЛРИН | S5: 1 | T5: 0 | U5: 0 | AB5: MMA
A6: 261762 | B6: 8 | C6: 1 | D6: 1310 | E6: 10.21.96733 | G6: 37 | H6: 35 | I6: 60 | J6: 75 | K6: 64 | L6: ЧЕРЕН | M6: POM | N6: 7252726530 | O6: 25 | Q6: CLIP H | R6: ДЕЛРИН | S6: 1 | T6: 0 | U6: 0 | AB6: MMA
A7: 261763 | B7: 8 | C7: 1 | D7: 1312 | E7: 10.21.96697 | G7: 36 | H7: 26 | I7: 47 | J7: 75 | K7: 64 | L7: ЧЕРЕН | M7: POM | N7: 7252785330 | O7: 25 | P7: 138x36x47-(x5PCS) | Q7: CLIP H | R7: ДЕЛРИН | S7: 1 | T7: 0 | U7: 0 | W7: 138 | X7: 36 | Y7: 47 | Z7: 5 | AA7: 5 | AB7: MMA
A8: 261764 | B8: 8 | C8: 6 | D8: 1333 | E8: 10.21.83782A | G8: 55 | H8: 40 | I8: 50 | J8: 74 | K8: 64 | L8: БЯЛ | M8: POM | N8: A1729821302_EYELET V1 | O8: 7 | Q8: CH | R8: ДЕЛРИН | S8: 1 | T8: 0 | U8: 0 | AB8: MMA
A9: 261765 | B9: 8 | C9: 2 | D9: 4893 | E9: 10.21.28341A | G9: 60 | H9: 39 | I9: 45 | J9: 74 | K9: 64 | L9: БЯЛ | M9: POM | N9: 7003293002 | O9: 7 | Q9: CH | R9: ДЕЛРИН | S9: 1 | T9: 0 | U9: 0 | AB9: MMA
A10: 261766 | B10: 8 | C10: 1 | D10: 4894 | E10: 10.21.83799A | G10: 53 | H10: 46 | I10: 49 | J10: 74 | K10: 64 | L10: БЯЛ | M10: POM | N10: 7003789102 | O10: 7 | Q10: CH | R10: ДЕЛРИН | S10: 1 | T10: 0 | U10: 0 | AB10: MMA
A11: 261767 | B11: 8 | C11: 2 | D11: 4895 | E11: 10.21.83616A | G11: 45 | H11: 42 | I11: 45 | J11: 74 | K11: 64 | L11: БЯЛ | M11: POM | N11: 7003803702 | O11: 7 | Q11: CH | R11: ДЕЛРИН | S11: 1 | T11: 0 | U11: 0 | AB11: MMA
A12: 261768 | B12: 8 | C12: 1 | D12: 4896 | E12: 10.21.83584A | G12: 70 | H12: 46 | I12: 45 | J12: 74 | K12: 64 | L12: БЯЛ | M12: POM | N12: 7003827402 | O12: 7 | Q12: CH | R12: ДЕЛРИН | S12: 1 | T12: 0 | U12: 0 | AB12: MMA
A13: 261769 | B13: 8 | C13: 2 | D13: 4897 | E13: 10.21.76999A | G13: 55 | H13: 41 | I13: 45 | J13: 74 | K13: 64 | L13: БЯЛ | M13: POM | N13: 7009630402 | O13: 7 | Q13: CH | R13: ДЕЛРИН | S13: 1 | T13: 0 | U13: 0 | AB13: MMA
A14: 261770 | B14: 8 | C14: 2 | D14: 4898 | E14: 10.21.42697A | G14: 46 | H14: 36 | I14: 42 | J14: 74 | K14: 64 | L14: БЯЛ | M14: POM | N14: 7009639402 | O14: 7 | Q14: CH | R14: ДЕЛРИН | S14: 1 | T14: 0 | U14: 0 | AB14: MMA
A15: 261771 | B15: 8 | C15: 2 | D15: 4900 | E15: 10.21.83617A | G15: 41 | H15: 42 | I15: 45 | J15: 74 | K15: 64 | L15: БЯЛ | M15: POM | N15: 7009741502 | O15: 7 | Q15: CH | R15: ДЕЛРИН | S15: 1 | T15: 0 | U15: 0 | AB15: MMA
A16: 261772 | B16: 8 | C16: 2 | D16: 4902 | E16: 10.21.80728A | G16: 45 | H16: 46 | I16: 46 | J16: 74 | K16: 64 | L16: БЯЛ | M16: POM | N16: 7003803502 | O16: 7 | Q16: CH | R16: ДЕЛРИН | S16: 1 | T16: 0 | U16: 0 | AB16: MMA
A17: 261773 | B17: 8 | C17: 1 | D17: 4903 | E17: 10.21.76992A | G17: 52 | H17: 46 | I17: 60 | J17: 75 | K17: 64 | L17: ЧЕРЕН | M17: POM | N17: 7219182630 | O17: 7 | Q17: CH | R17: ДЕЛРИН | S17: 1 | T17: 0 | U17: 0 | AB17: MMA
A18: 261774 | B18: 8 | C18: 4 | D18: 4904 | E18: 10.21.35897A | G18: 47 | H18: 39 | I18: 50 | J18: 75 | K18: 64 | L18: ЧЕРЕН | M18: POM | N18: 7219622130 | O18: 7 | Q18: CH | R18: ДЕЛРИН | S18: 1 | T18: 0 | U18: 0 | AB18: MMA
A19: 261775 | B19: 8 | C19: 2 | D19: 4905 | E19: 10.21.76989A | G19: 43 | H19: 41 | I19: 54 | J19: 75 | K19: 64 | L19: ЧЕРЕН | M19: POM | N19: 7219632030 | O19: 7 | Q19: CH | R19: ДЕЛРИН | S19: 1 | T19: 0 | U19: 0 | AB19: MMA
... A33: 261789 | B33: 8 | C33: 4 | D33: 4925 | E33: 10.21.76961A | G33: 48 | H33: 45 | I33: 58 | J33: 75 | K33: 64 | L33: ЧЕРЕН | M33: POM | N33: 7298912930 | O33: 7 | Q33: CH | R33: ДЕЛРИН | S33: 1 | T33: 0 | U33: 0 | AB33: MMA
A34: 261790 | B34: 8 | C34: 1 | D34: 5132 | E34: 10.21.76963A | G34: 44 | H34: 42 | I34: 51 | J34: 75 | K34: 64 | L34: ЧЕРЕН | M34: POM | N34: 7298913330 | O34: 7 | Q34: CH | R34: ДЕЛРИН | S34: 1 | T34: 0 | U34: 0
A35: 261791 | B35: 8 | C35: 1 | D35: 4927 | E35: 10.21.72976A | G35: 44 | H35: 41 | I35: 50 | J35: 75 | K35: 64 | L35: ЧЕРЕН | M35: POM | N35: 7298948930 | O35: 7 | Q35: CH | R35: ДЕЛРИН | S35: 1 | T35: 0 | U35: 0 | AB35: MMA
A36: 261792 | B36: 8 | C36: 1 | D36: 4928 | E36: 10.21.76979B | G36: 44 | H36: 42 | I36: 50 | J36: 75 | K36: 64 | L36: ЧЕРЕН | M36: POM | N36: 7298949030 | O36: 7 | Q36: CH | R36: ДЕЛРИН | S36: 1 | T36: 0 | U36: 0
A37: 261793 | B37: 8 | C37: 3 | D37: 4929 | E37: 10.21.76965A | G37: 52 | H37: 41 | I37: 50 | J37: 75 | K37: 64 | L37: ЧЕРЕН | M37: POM | N37: ASSY_118021051 | O37: 7 | Q37: CH | R37: ДЕЛРИН | S37: 1 | T37: 0 | U37: 0 | AB37: MMA
A38: 261794 | B38: 8 | C38: 1 | D38: 4930 | E38: 10.21.77186A | G38: 53 | H38: 36 | I38: 45 | J38: 77 | K38: 64 | L38: КАФЯВ | M38: POM | N38: ASSY_59Z163003F/ASSY_59Z163DC0F | O38: 7 | Q38: CH | R38: ДЕЛРИН | S38: 1 | T38: 0 | U38: 0 | AB38: MMA
A39: 261795 | B39: 8 | C39: 1 | D39: 4931 | E39: 10.21.42430A | G39: 60 | H39: 39 | I39: 45 | J39: 74 | K39: 64 | L39: БЯЛ | M39: POM | N39: 7003292202 | O39: 7 | Q39: CH | R39: ДЕЛРИН | S39: 1 | T39: 0 | U39: 0 | AB39: MMA
A40: 261796 | B40: 8 | C40: 2 | D40: 4934 | E40: 10.21.54176B | G40: 38 | H40: 37 | I40: 69 | J40: 75 | K40: 64 | L40: ЧЕРЕН | M40: POM | N40: 7289256230+7174167930A | O40: 7 | Q40: CH | R40: ДЕЛРИН | S40: 1 | T40: 0 | U40: 0 | AB40: MMA
A41: 261797 | B41: 8 | C41: 1 | D41: 4937 | E41: 10.21.83614A | G41: 50 | H41: 42 | I41: 45 | J41: 74 | K41: 64 | L41: БЯЛ | M41: POM | N41: 7009748202 | O41: 7 | Q41: CH | R41: ДЕЛРИН | S41: 1 | T41: 0 | U41: 0 | AB41: MMA
A42: 261798 | B42: 8 | C42: 1 | D42: 4942 | E42: 10.21.83669A | G42: 42 | H42: 46 | I42: 56 | J42: 75 | K42: 64 | L42: ЧЕРЕН | M42: POM | N42: 7287065830 | O42: 7 | Q42: CH | R42: ДЕЛРИН | S42: 1 | T42: 0 | U42: 0 | AB42: MMA
A43: 261799 | B43: 8 | C43: 2 | D43: 5150 | E43: 10.21.89507А | G43: 85 | H43: 48 | I43: 63 | J43: 75 | K43: 64 | L43: ЧЕРЕН | M43: POM | N43: 7035990830 | O43: 7 | Q43: CH | R43: ДЕЛРИН | S43: 1 | T43: 0 | U43: 0
A44: 261800 | B44: 8 | C44: 2 | D44: 5151 | E44: 10.21.83703А | G44: 105 | H44: 65 | I44: 68 | J44: 75 | K44: 64 | L44: ЧЕРЕН | M44: POM | N44: 7289488430+7274297830A | O44: 7 | Q44: CH | R44: ДЕЛРИН | S44: 1 | T44: 0 | U44: 0
A45: 261801 | B45: 8 | C45: 3 | D45: 5152 | E45: 10.21.02366А | G45: 39 | H45: 34 | I45: 48 | J45: 75 | K45: 64 | L45: ЧЕРЕН | M45: POM | N45: 7247781630 | O45: 25 | P45: AL Part | Q45: CLIP H | R45: ДЕЛРИН | S45: 1 | T45: 0 | U45: 0
A46: 261802 | B46: 8 | C46: 1 | D46: 5153 | E46: 10.21.00000 | N46: 7035964930 | O46: 7 | P46: NEED DESIGN | Q46: CH | S46: 0 | T46: 0 | U46: 0
A47: 261803 | B47: 8 | C47: 1 | D47: 5154 | E47: 10.21.77174A | G47: 65 | H47: 50 | I47: 70 | J47: 75 | K47: 64 | L47: ЧЕРЕН | M47: POM | N47: 7035990430 | O47: 7 | Q47: CH | R47: ДЕЛРИН | S47: 1 | T47: 0 | U47: 0
A48: 261804 | B48: 8 | C48: 1 | D48: 5155 | E48: 10.21.83697A | G48: 102 | H48: 47 | I48: 57 | J48: 75 | K48: 64 | L48: ЧЕРЕН | M48: POM | N48: 7298947030+7172174830 | O48: 7 | Q48: CH | R48: ДЕЛРИН | S48: 1 | T48: 0 | U48: 0
A49: 261805 | B49: 9 | C49: 1 | D49: 1190 | E49: 10.21.72966C | G49: 83 | H49: 57 | I49: 77 | J49: 75 | K49: 64 | L49: ЧЕРЕН | M49: POM | N49: 7075231930 | O49: 7 | Q49: CH | R49: ДЕЛРИН | S49: 1 | T49: 0 | U49: 0 | AB49: MMA

Sheet main15_view
A1: job_order_id | B1: job_order_number | C1: ma_number | D1: name | E1: type_id | F1: batch_id | G1: quantity | H1: cut | I1: cnc | J1: assembly | K1: qc | L1: branch | M1: qty branch | N1: qty branch x15 | O1: toatal in JO | P1: position
A2: 873 | B2: 261510 | C2: 10.21.76941 | D2: 7189811530+7289811830+72741554A | E2: 7 | F2: 1 | G2: 15 | H2: not passed | I2: not passed | J2: not passed | K2: passed | N2: =Query4[[#This Row],[qty branch]]*15 -> 0 | O2: =Query4[[#This Row],[quantity]]-Query4[[#This Row],[qty branch x15]] -> 15
A3: 899 | B3: 261536 | C3: 10.21.50179G | D3: 7187903970+7187904070 | E3: 7 | F3: 1 | G3: 15 | H3: not passed | I3: not passed | J3: not passed | K3: passed | N3: =Query4[[#This Row],[qty branch]]*15 -> 0 | O3: =Query4[[#This Row],[quantity]]-Query4[[#This Row],[qty branch x15]] -> 15
A4: 935 | B4: 261572 | C4: 10.21.72967B | D4: 7075226830 | E4: 7 | F4: 1 | G4: 15 | H4: not passed | I4: not passed | J4: not passed | K4: passed | N4: =Query4[[#This Row],[qty branch]]*15 -> 0 | O4: =Query4[[#This Row],[quantity]]-Query4[[#This Row],[qty branch x15]] -> 15
A5: 894 | B5: 261531 | C5: 10.21.73066A | D5: ASSY_D4Z001DC0C | E5: 7 | F5: 1 | G5: 15 | H5: not passed | I5: not passed | J5: not passed | K5: passed | N5: =Query4[[#This Row],[qty branch]]*15 -> 0 | O5: =Query4[[#This Row],[quantity]]-Query4[[#This Row],[qty branch x15]] -> 15
A6: 921 | B6: 261558 | C6: 10.21.19220 | D6: 7247787730 | E6: 25 | F6: 1 | G6: 45 | H6: not passed | I6: not passed | J6: not passed | K6: passed | N6: =Query4[[#This Row],[qty branch]]*15 -> 0 | O6: =Query4[[#This Row],[quantity]]-Query4[[#This Row],[qty branch x15]] -> 45
A7: 883 | B7: 261520 | C7: 10.21.77160A | D7: 7271007030 | E7: 7 | F7: 1 | G7: 15 | H7: not passed | I7: not passed | J7: not passed | K7: passed | N7: =Query4[[#This Row],[qty branch]]*15 -> 0 | O7: =Query4[[#This Row],[quantity]]-Query4[[#This Row],[qty branch x15]] -> 15
A8: 904 | B8: 261541 | C8: 10.21.79593A | D8: ASSY_D4Z002DC0D | E8: 7 | F8: 1 | G8: 15 | H8: not passed | I8: not passed | J8: not passed | K8: passed | N8: =Query4[[#This Row],[qty branch]]*15 -> 0 | O8: =Query4[[#This Row],[quantity]]-Query4[[#This Row],[qty branch x15]] -> 15
A9: 870 | B9: 261507 | C9: 10.21.42674D | D9: 7187903970+7187904070+7274060970 | E9: 7 | F9: 1 | G9: 15 | H9: not passed | I9: not passed | J9: not passed | K9: passed | N9: =Query4[[#This Row],[qty branch]]*15 -> 0 | O9: =Query4[[#This Row],[quantity]]-Query4[[#This Row],[qty branch x15]] -> 15
A10: 862 | B10: 261499 | C10: 10.21.77045A | D10: 7183288530+7183288630+72742612 - 7119632530+7119632630+72742614A | E10: 7 | F10: 1 | G10: 15 | H10: not passed | I10: not passed | J10: not passed | K10: not passed | L10: orange | M10: 1 | N10: =Query4[[#This Row],[qty branch]]*15 -> 15 | O10: =Query4[[#This Row],[quantity]]-Query4[[#This Row],[qty branch x15]] -> 0
A11: 890 | B11: 261527 | C11: 10.21.77155A | D11: A1729821302_EYELET V3 3-KS | E11: 7 | F11: 1 | G11: 45 | H11: not passed | I11: not passed | J11: not passed | K11: passed | L11: pink | M11: 1 | N11: =Query4[[#This Row],[qty branch]]*15 -> 15 | O11: =Query4[[#This Row],[quantity]]-Query4[[#This Row],[qty branch x15]] -> 30
A12: 881 | B12: 261518 | C12: 10.21.83758A | D12: 7198809140+7274268930 | E12: 7 | F12: 1 | G12: 15 | H12: not passed | I12: not passed | J12: not passed | K12: passed | N12: =Query4[[#This Row],[qty branch]]*15 -> 0 | O12: =Query4[[#This Row],[quantity]]-Query4[[#This Row],[qty branch x15]] -> 15
A13: 923 | B13: 261560 | C13: 10.21.96733 | D13: 7252726530 | E13: 25 | F13: 1 | G13: 15 | H13: not passed | I13: not passed | J13: not passed | K13: passed | L13: pink | M13: 1 | N13: =Query4[[#This Row],[qty branch]]*15 -> 15 | O13: =Query4[[#This Row],[quantity]]-Query4[[#This Row],[qty branch x15]] -> 0
A14: 898 | B14: 261535 | C14: 10.21.83677A | D14: ASSY_59Z006-T00D | E14: 7 | F14: 1 | G14: 15 | H14: not passed | I14: not passed | J14: not passed | K14: passed | N14: =Query4[[#This Row],[qty branch]]*15 -> 0 | O14: =Query4[[#This Row],[quantity]]-Query4[[#This Row],[qty branch x15]] -> 15
A15: 871 | B15: 261508 | C15: 10.21.83656D | D15: 7188503730+7174152230A(7177097330) | E15: 7 | F15: 1 | G15: 15 | H15: not passed | I15: not passed | J15: not passed | K15: not passed | N15: =Query4[[#This Row],[qty branch]]*15 -> 0 | O15: =Query4[[#This Row],[quantity]]-Query4[[#This Row],[qty branch x15]] -> 15
A16: 917 | B16: 261554 | C16: 10.21.37442 | D16: 7247761330 | E16: 25 | F16: 1 | G16: 45 | H16: not passed | I16: not passed | J16: not passed | K16: not passed | N16: =Query4[[#This Row],[qty branch]]*15 -> 0 | O16: =Query4[[#This Row],[quantity]]-Query4[[#This Row],[qty branch x15]] -> 45
A17: 933 | B17: 261570 | C17: 10.21.79595A | D17: 7189482930+72741357 | E17: 7 | F17: 1 | G17: 30 | H17: not passed | I17: not passed | J17: not passed | K17: passed | N17: =Query4[[#This Row],[qty branch]]*15 -> 0 | O17: =Query4[[#This Row],[quantity]]-Query4[[#This Row],[qty branch x15]] -> 30
A18: 909 | B18: 261546 | C18: 10.21.54460A | D18: 7052161430 | E18: 25 | F18: 1 | G18: 15 | H18: not passed | I18: not passed | J18: not passed | K18: passed | N18: =Query4[[#This Row],[qty branch]]*15 -> 0 | O18: =Query4[[#This Row],[quantity]]-Query4[[#This Row],[qty branch x15]] -> 15
A19: 882 | B19: 261519 | C19: 10.21.80743B | D19: 7198914830+7234497030 | E19: 7 | F19: 1 | G19: 15 | H19: not passed | I19: not passed | J19: not passed | K19: passed | N19: =Query4[[#This Row],[qty branch]]*15 -> 0 | O19: =Query4[[#This Row],[quantity]]-Query4[[#This Row],[qty branch x15]] -> 15
A20: 872 | B20: 261509 | C20: 10.21.83657E | D20: 7188503730+7174152230A(7177097330) | E20: 7 | F20: 1 | G20: 15 | H20: not passed | I20: not passed | J20: not passed | K20: passed | N20: =Query4[[#This Row],[qty branch]]*15 -> 0 | O20: =Query4[[#This Row],[quantity]]-Query4[[#This Row],[qty branch x15]] -> 15
A21: 905 | B21: 261542 | C21: 10.21.10820 | D21: 7047135830 | E21: 25 | F21: 1 | G21: 15 | H21: not passed | I21: not passed | J21: not passed | K21: passed | N21: =Query4[[#This Row],[qty branch]]*15 -> 0 | O21: =Query4[[#This Row],[quantity]]-Query4[[#This Row],[qty branch x15]] -> 15
A22: 879 | B22: 261516 | C22: 10.21.83630A | D22: 7198762530+7198600430+7274261190A | E22: 7 | F22: 1 | G22: 30 | H22: not passed | I22: not passed | J22: not passed | K22: passed | N22: =Query4[[#This Row],[qty branch]]*15 -> 0 | O22: =Query4[[#This Row],[quantity]]-Query4[[#This Row],[qty branch x15]] -> 30
A23: 859 | B23: 261496 | C23: 10.21.36860F | D23: 7119127830+7234894130A | E23: 7 | F23: 1 | G23: 30 | H23: not passed | I23: not passed | J23: not passed | K23: passed | N23: =Query4[[#This Row],[qty branch]]*15 -> 0 | O23: =Query4[[#This Row],[quantity]]-Query4[[#This Row],[qty branch x15]] -> 30
A24: 878 | B24: 261515 | C24: 10.21.771125A | D24: 71986562 | E24: 7 | F24: 1 | G24: 15 | H24: not passed | I24: not passed | J24: not passed | K24: passed | N24: =Query4[[#This Row],[qty branch]]*15 -> 0 | O24: =Query4[[#This Row],[quantity]]-Query4[[#This Row],[qty branch x15]] -> 15
A25: 946 | B25: 261580 | C25: 10.21.77162A | D25: 7271007230 | E25: 7 | F25: 3 | G25: 15 | H25: not passed | I25: not passed | J25: not passed | K25: passed | N25: =Query4[[#This Row],[qty branch]]*15 -> 0 | O25: =Query4[[#This Row],[quantity]]-Query4[[#This Row],[qty branch x15]] -> 15
... A30: 911 | B30: 261548 | C30: 10.21.37737 | D30: 7147882430 | E30: 25 | F30: 1 | G30: 180 | H30: not passed | I30: not passed | J30: not passed | K30: not passed | N30: =Query4[[#This Row],[qty branch]]*15 -> 0 | O30: =Query4[[#This Row],[quantity]]-Query4[[#This Row],[qty branch x15]] -> 180
A31: 896 | B31: 261533 | C31: 10.21.83646A | D31: 7178270480 | E31: 7 | F31: 1 | G31: 15 | H31: not passed | I31: not passed | J31: not passed | K31: passed | L31: pink | M31: 1 | N31: =Query4[[#This Row],[qty branch]]*15 -> 15 | O31: =Query4[[#This Row],[quantity]]-Query4[[#This Row],[qty branch x15]] -> 0
A32: 913 | B32: 261550 | C32: 10.21.96730E | D32: 7247374530 | E32: 25 | F32: 1 | G32: 30 | H32: not passed | I32: not passed | J32: not passed | K32: passed | N32: =Query4[[#This Row],[qty branch]]*15 -> 0 | O32: =Query4[[#This Row],[quantity]]-Query4[[#This Row],[qty branch x15]] -> 30
A33: 886 | B33: 261523 | C33: 10.21.76940C | D33: 7289811630+7289811730+72741551 | E33: 7 | F33: 1 | G33: 15 | H33: not passed | I33: not passed | J33: not passed | K33: passed | L33: orange | M33: 3 | N33: =Query4[[#This Row],[qty branch]]*15 -> 45 | O33: =Query4[[#This Row],[quantity]]-Query4[[#This Row],[qty branch x15]] -> -30 | P33: down
A34: 887 | B34: 261524 | C34: 10.21.80752A | D34: 7289811630+7289811730+7274155220 | E34: 7 | F34: 1 | G34: 15 | H34: not passed | I34: not passed | J34: not passed | K34: passed | L34: pink | M34: 8 | N34: =Query4[[#This Row],[qty branch]]*15 -> 120 | O34: =Query4[[#This Row],[quantity]]-Query4[[#This Row],[qty branch x15]] -> -105 | P34: side
A35: 880 | B35: 261517 | C35: 10.21.80775B | D35: 7198774930+7198947430+72742908 | E35: 7 | F35: 1 | G35: 30 | H35: not passed | I35: not passed | J35: not passed | K35: passed | L35: pink | M35: 1 | N35: =Query4[[#This Row],[qty branch]]*15 -> 15 | O35: =Query4[[#This Row],[quantity]]-Query4[[#This Row],[qty branch x15]] -> 15 | P35: up
A36: 901 | B36: 261538 | C36: 10.21.80727A | D36: 7009741102 | E36: 7 | F36: 1 | G36: 15 | H36: not passed | I36: not passed | J36: not passed | K36: passed | L36: orange | M36: 3 | N36: =Query4[[#This Row],[qty branch]]*15 -> 45 | O36: =Query4[[#This Row],[quantity]]-Query4[[#This Row],[qty branch x15]] -> -30 | P36: down
A37: 937 | B37: 261574 | C37: 10.21.77067A | D37: ASSY_59Z006T00C | E37: 7 | F37: 1 | G37: 15 | H37: not passed | I37: not passed | J37: not passed | K37: not passed | N37: =Query4[[#This Row],[qty branch]]*15 -> 0 | O37: =Query4[[#This Row],[quantity]]-Query4[[#This Row],[qty branch x15]] -> 15
A38: 930 | B38: 261567 | C38: 10.21.83795A | D38: 7178412830+7198277430+72743637 | E38: 7 | F38: 1 | G38: 15 | H38: not passed | I38: not passed | J38: not passed | K38: passed | N38: =Query4[[#This Row],[qty branch]]*15 -> 0 | O38: =Query4[[#This Row],[quantity]]-Query4[[#This Row],[qty branch x15]] -> 15
A39: 893 | B39: 261530 | C39: 10.21.77041A | D39: ASSY_CA288B1519XXXX | E39: 7 | F39: 1 | G39: 30 | H39: not passed | I39: not passed | J39: not passed | K39: passed | N39: =Query4[[#This Row],[qty branch]]*15 -> 0 | O39: =Query4[[#This Row],[quantity]]-Query4[[#This Row],[qty branch x15]] -> 30
A40: 876 | B40: 261513 | C40: 10.21.47065D | D40: 7189730210+7274146260A | E40: 7 | F40: 1 | G40: 15 | H40: not passed | I40: not passed | J40: not passed | K40: passed | N40: =Query4[[#This Row],[qty branch]]*15 -> 0 | O40: =Query4[[#This Row],[quantity]]-Query4[[#This Row],[qty branch x15]] -> 15
A41: 931 | B41: 261568 | C41: 10.21.77190A | D41: 7118673890+7173344320 | E41: 7 | F41: 1 | G41: 30 | H41: not passed | I41: not passed | J41: not passed | K41: not passed | N41: =Query4[[#This Row],[qty branch]]*15 -> 0 | O41: =Query4[[#This Row],[quantity]]-Query4[[#This Row],[qty branch x15]] -> 30
A42: 865 | B42: 261502 | C42: 10.21.77085A | D42: 7119668820 | E42: 7 | F42: 1 | G42: 30 | H42: not passed | I42: not passed | J42: not passed | K42: passed | N42: =Query4[[#This Row],[qty branch]]*15 -> 0 | O42: =Query4[[#This Row],[quantity]]-Query4[[#This Row],[qty branch x15]] -> 30
A43: 863 | B43: 261500 | C43: 10.21.83680A | D43: 7119639830 | E43: 7 | F43: 1 | G43: 15 | H43: not passed | I43: not passed | J43: not passed | K43: passed | N43: =Query4[[#This Row],[qty branch]]*15 -> 0 | O43: =Query4[[#This Row],[quantity]]-Query4[[#This Row],[qty branch x15]] -> 15
A44: 924 | B44: 261561 | C44: 10.21.83610A | D44: 7252735930 | E44: 25 | F44: 1 | G44: 30 | H44: not passed | I44: not passed | J44: not passed | K44: passed | L44: pink | M44: 1 | N44: =Query4[[#This Row],[qty branch]]*15 -> 15 | O44: =Query4[[#This Row],[quantity]]-Query4[[#This Row],[qty branch x15]] -> 15
A45: 910 | B45: 261547 | C45: 10.21.10182 | D45: 7047178330 | E45: 25 | F45: 1 | G45: 15 | H45: not passed | I45: not passed | J45: not passed | K45: passed | N45: =Query4[[#This Row],[qty branch]]*15 -> 0 | O45: =Query4[[#This Row],[quantity]]-Query4[[#This Row],[qty branch x15]] -> 15
A46: 920 | B46: 261557 | C46: 10.21.34352 | D46: 7247781730 | E46: 25 | F46: 1 | G46: 45 | H46: not passed | I46: not passed | J46: not passed | K46: passed | N46: =Query4[[#This Row],[qty branch]]*15 -> 0 | O46: =Query4[[#This Row],[quantity]]-Query4[[#This Row],[qty branch x15]] -> 45
A47: 927 | B47: 261564 | C47: 10.21.76983B | D47: 7252815130 | E47: 25 | F47: 1 | G47: 255 | H47: not passed | I47: not passed | J47: not passed | K47: not passed | N47: =Query4[[#This Row],[qty branch]]*15 -> 0 | O47: =Query4[[#This Row],[quantity]]-Query4[[#This Row],[qty branch x15]] -> 255
A48: 869 | B48: 261506 | C48: 10.21.77049A | D48: 7185173030+7185173130+72742608 | E48: 7 | F48: 1 | G48: 30 | H48: not passed | I48: not passed | J48: not passed | K48: passed | N48: =Query4[[#This Row],[qty branch]]*15 -> 0 | O48: =Query4[[#This Row],[quantity]]-Query4[[#This Row],[qty branch x15]] -> 30
A49: 925 | B49: 261562 | C49: 10.21.76983_B | D49: 7252779130 | E49: 25 | F49: 1 | G49: 135 | H49: not passed | I49: not passed | J49: not passed | K49: not passed | N49: =Query4[[#This Row],[qty branch]]*15 -> 0 | O49: =Query4[[#This Row],[quantity]]-Query4[[#This Row],[qty branch x15]] -> 135
A50: 948 | B50: 261582 | C50: 10.21.77045A | D50: 7183288530+7183288630+72742612 - 7119632530+7119632630+72742614A | E50: 7 | F50: 5 | G50: 15 | H50: not passed | I50: not passed | J50: not passed | K50: passed | N50: =Query4[[#This Row],[qty branch]]*15 -> 0 | O50: =Query4[[#This Row],[quantity]]-Query4[[#This Row],[qty branch x15]] -> 15
A51: 857 | B51: 261494 | C51: 10.21.72968A | D51: 7075236930 | E51: 7 | F51: 1 | G51: 30 | H51: not passed | I51: not passed | J51: not passed | K51: passed | N51: =Query4[[#This Row],[qty branch]]*15 -> 0 | O51: =Query4[[#This Row],[quantity]]-Query4[[#This Row],[qty branch x15]] -> 30
A52: 874 | B52: 261511 | C52: 10.21.47066D | D52: 7189668330+7274135020A | E52: 7 | F52: 1 | G52: 15 | H52: not passed | I52: not passed | J52: not passed | K52: passed | L52: pink | M52: 8 | N52: =Query4[[#This Row],[qty branch]]*15 -> 120 | O52: =Query4[[#This Row],[quantity]]-Query4[[#This Row],[qty branch x15]] -> -105 | P52: side
A53: 951 | B53: 261585 | C53: 10.21.37442 | D53: 7247761330 | E53: 25 | F53: 6 | G53: 45 | H53: not passed | I53: not passed | J53: not passed | K53: passed | L53: pink | M53: 3 | N53: =Query4[[#This Row],[qty branch]]*15 -> 45 | O53: =Query4[[#This Row],[quantity]]-Query4[[#This Row],[qty branch x15]] -> 0 | P53: side
A54: 934 | B54: 261571 | C54: 10.21.80774C | D54: 7198810230+72742686A | E54: 7 | F54: 1 | G54: 15 | H54: not passed | I54: not passed | J54: not passed | K54: passed | N54: =Query4[[#This Row],[qty branch]]*15 -> 0 | O54: =Query4[[#This Row],[quantity]]-Query4[[#This Row],[qty branch x15]] -> 15
A55: 903 | B55: 261540 | C55: 10.21.73070A | D55: ASSY_D4Z001DC0D | E55: 7 | F55: 1 | G55: 15 | H55: not passed | I55: not passed | J55: not passed | K55: passed | N55: =Query4[[#This Row],[qty branch]]*15 -> 0 | O55: =Query4[[#This Row],[quantity]]-Query4[[#This Row],[qty branch x15]] -> 15
A56: 897 | B56: 261534 | C56: 10.21.77128A | D56: 7075226730 | E56: 7 | F56: 1 | G56: 15 | H56: not passed | I56: not passed | J56: not passed | K56: passed | N56: =Query4[[#This Row],[qty branch]]*15 -> 0 | O56: =Query4[[#This Row],[quantity]]-Query4[[#This Row],[qty branch x15]] -> 15
A57: 928 | B57: 261565 | C57: 10.21.76946A | D57: 7198762530+7198600430+72743034 | E57: 7 | F57: 1 | G57: 15 | H57: not passed | I57: not passed | J57: not passed | K57: not passed | N57: =Query4[[#This Row],[qty branch]]*15 -> 0 | O57: =Query4[[#This Row],[quantity]]-Query4[[#This Row],[qty branch x15]] -> 15
A58: 891 | B58: 261528 | C58: 10.21.77156A | D58: A1729821302_EYELET V4_3 | E58: 7 | F58: 1 | G58: 135 | H58: not passed | I58: not passed | J58: not passed | K58: passed | N58: =Query4[[#This Row],[qty branch]]*15 -> 0 | O58: =Query4[[#This Row],[quantity]]-Query4[[#This Row],[qty branch x15]] -> 135
A59: 884 | B59: 261521 | C59: 10.21.77162A | D59: 7271007230 | E59: 7 | F59: 1 | G59: 15 | H59: not passed | I59: not passed | J59: not passed | K59: not passed | N59: =Query4[[#This Row],[qty branch]]*15 -> 0 | O59: =Query4[[#This Row],[quantity]]-Query4[[#This Row],[qty branch x15]] -> 15
A60: 895 | B60: 261532 | C60: 10.21.77089A | D60: ASSY_D4K2RE1D5A5BDC/ASSY_D4K2RE1D5A5B | E60: 7 | F60: 1 | G60: 15 | H60: not passed | I60: not passed | J60: not passed | K60: passed | N60: =Query4[[#This Row],[qty branch]]*15 -> 0 | O60: =Query4[[#This Row],[quantity]]-Query4[[#This Row],[qty branch x15]] -> 15
A61: 940 | B61: 261577 | C61: 10.21.83587A | D61: 7198279630+7274154030 | E61: 7 | F61: 1 | G61: 15 | H61: not passed | I61: not passed | J61: not passed | K61: passed | N61: =Query4[[#This Row],[qty branch]]*15 -> 0 | O61: =Query4[[#This Row],[quantity]]-Query4[[#This Row],[qty branch x15]] -> 15
A62: 914 | B62: 261551 | C62: 10.21.96716 | D62: 7247374930 | E62: 25 | F62: 1 | G62: 30 | H62: not passed | I62: not passed | J62: not passed | K62: passed | N62: =Query4[[#This Row],[qty branch]]*15 -> 0 | O62: =Query4[[#This Row],[quantity]]-Query4[[#This Row],[qty branch x15]] -> 30
A63: 858 | B63: 261495 | C63: 10.21.89505A | D63: 71186683+7173344320 | E63: 7 | F63: 1 | G63: 15 | H63: not passed | I63: not passed | J63: not passed | K63: passed | N63: =Query4[[#This Row],[qty branch]]*15 -> 0 | O63: =Query4[[#This Row],[quantity]]-Query4[[#This Row],[qty branch x15]] -> 15
A64: 915 | B64: 261552 | C64: 10.21.35019 | D64: 7247760830 | E64: 25 | F64: 1 | G64: 15 | H64: not passed | I64: not passed | J64: not passed | K64: passed | N64: =Query4[[#This Row],[qty branch]]*15 -> 0 | O64: =Query4[[#This Row],[quantity]]-Query4[[#This Row],[qty branch x15]] -> 15
A65: 954 | B65: 261588 | C65: 10.21.76983B | D65: 7252815130 | E65: 25 | F65: 6 | G65: 255 | H65: not passed | I65: not passed | J65: not passed | K65: passed | L65: pink | M65: 1 | N65: =Query4[[#This Row],[qty branch]]*15 -> 15 | O65: =Query4[[#This Row],[quantity]]-Query4[[#This Row],[qty branch x15]] -> 240
A66: 953 | B66: 261587 | C66: 10.21.96697 | D66: 7252785330 | E66: 25 | F66: 6 | G66: 630 | H66: not passed | I66: not passed | J66: not passed | K66: passed | N66: =Query4[[#This Row],[qty branch]]*15 -> 0 | O66: =Query4[[#This Row],[quantity]]-Query4[[#This Row],[qty branch x15]] -> 630
A67: 912 | B67: 261549 | C67: 10.21.35018 | D67: 7247075530 | E67: 25 | F67: 1 | G67: 15 | H67: not passed | I67: not passed | J67: not passed | K67: passed | N67: =Query4[[#This Row],[qty branch]]*15 -> 0 | O67: =Query4[[#This Row],[quantity]]-Query4[[#This Row],[qty branch x15]] -> 15
A68: 916 | B68: 261553 | C68: 10.21.96734 | D68: 7247760930 | E68: 25 | F68: 1 | G68: 30 | H68: not passed | I68: not passed | J68: not passed | K68: passed | N68: =Query4[[#This Row],[qty branch]]*15 -> 0 | O68: =Query4[[#This Row],[quantity]]-Query4[[#This Row],[qty branch x15]] -> 30
A69: 885 | B69: 261522 | C69: 10.21.47100C | D69: 7289811630+7289811730+7274166590A | E69: 7 | F69: 1 | G69: 15 | H69: not passed | I69: not passed | J69: not passed | K69: passed | N69: =Query4[[#This Row],[qty branch]]*15 -> 0 | O69: =Query4[[#This Row],[quantity]]-Query4[[#This Row],[qty branch x15]] -> 15
A70: 864 | B70: 261501 | C70: 10.21.83671B | D70: 71196683+7173344320+X1PO2488 | E70: 7 | F70: 1 | G70: 15 | H70: not passed | I70: not passed | J70: not passed | K70: passed | L70: orange | M70: 1 | N70: =Query4[[#This Row],[qty branch]]*15 -> 15 | O70: =Query4[[#This Row],[quantity]]-Query4[[#This Row],[qty branch x15]] -> 0
A71: 942 | B71: 261579 | C71: 10.21.73082A | D71: 7119162130+7274025390 | E71: 7 | F71: 1 | G71: 15 | H71: not passed | I71: not passed | J71: not passed | K71: passed | N71: =Query4[[#This Row],[qty branch]]*15 -> 0 | O71: =Query4[[#This Row],[quantity]]-Query4[[#This Row],[qty branch x15]] -> 15
A72: 949 | B72: 261583 | C72: 10.21.08826 | D72: 7047186030 | E72: 25 | F72: 6 | G72: 465 | H72: not passed | I72: not passed | J72: not passed | K72: passed | L72: pink | M72: 1 | N72: =Query4[[#This Row],[qty branch]]*15 -> 15 | O72: =Query4[[#This Row],[quantity]]-Query4[[#This Row],[qty branch x15]] -> 450
A73: 861 | B73: 261498 | C73: 10.21.77073A | D73: 71196180 | E73: 7 | F73: 1 | G73: 30 | H73: not passed | I73: not passed | J73: not passed | K73: passed | L73: pink | M73: 1 | N73: =Query4[[#This Row],[qty branch]]*15 -> 15 | O73: =Query4[[#This Row],[quantity]]-Query4[[#This Row],[qty branch x15]] -> 15
A74: 929 | B74: 261566 | C74: 10.21.77127C | D74: 71196350 | E74: 7 | F74: 1 | G74: 45 | H74: not passed | I74: not passed | J74: not passed | K74: passed | N74: =Query4[[#This Row],[qty branch]]*15 -> 0 | O74: =Query4[[#This Row],[quantity]]-Query4[[#This Row],[qty branch x15]] -> 45
A75: 952 | B75: 261586 | C75: 10.21.76983_B | D75: 7252779130 | E75: 25 | F75: 6 | G75: 135 | H75: not passed | I75: not passed | J75: not passed | K75: passed | N75: =Query4[[#This Row],[qty branch]]*15 -> 0 | O75: =Query4[[#This Row],[quantity]]-Query4[[#This Row],[qty branch x15]] -> 135
A76: 892 | B76: 261529 | C76: 10.21.76988A | D76: ASSY_123024542 | E76: 7 | F76: 1 | G76: 45 | H76: not passed | I76: not passed | J76: not passed | K76: passed | L76: pink | M76: 1 | N76: =Query4[[#This Row],[qty branch]]*15 -> 15 | O76: =Query4[[#This Row],[quantity]]-Query4[[#This Row],[qty branch x15]] -> 30
A77: 889 | B77: 261526 | C77: 10.21.77157_A | D77: A1729821302_EYELET V3 2-KS | E77: 7 | F77: 1 | G77: 30 | H77: not passed | I77: not passed | J77: not passed | K77: passed | N77: =Query4[[#This Row],[qty branch]]*15 -> 0 | O77: =Query4[[#This Row],[quantity]]-Query4[[#This Row],[qty branch x15]] -> 30
A78: 918 | B78: 261555 | C78: 10.21.96728 | D78: 7247776330 | E78: 25 | F78: 1 | G78: 15 | H78: not passed | I78: not passed | J78: not passed | K78: not passed | L78: pink | M78: 3 | N78: =Query4[[#This Row],[qty branch]]*15 -> 45 | O78: =Query4[[#This Row],[quantity]]-Query4[[#This Row],[qty branch x15]] -> -30 | P78: side
A79: 856 | B79: 261493 | C79: 10.21.80758A | D79: 7075231830 | E79: 7 | F79: 1 | G79: 15 | H79: not passed | I79: not passed | J79: not passed | K79: not passed | L79: pink | M79: 1 | N79: =Query4[[#This Row],[qty branch]]*15 -> 15 | O79: =Query4[[#This Row],[quantity]]-Query4[[#This Row],[qty branch x15]] -> 0
A80: 938 | B80: 261575 | C80: 10.21.2 | D80: ASSYPPI0001107 | E80: 7 | F80: 1 | G80: 45 | H80: not passed | I80: not passed | J80: not passed | K80: passed | N80: =Query4[[#This Row],[qty branch]]*15 -> 0 | O80: =Query4[[#This Row],[quantity]]-Query4[[#This Row],[qty branch x15]] -> 45
A81: 922 | B81: 261559 | C81: 10.21.84635 | D81: 72478572 | E81: 25 | F81: 1 | G81: 30 | H81: not passed | I81: not passed | J81: not passed | K81: passed | N81: =Query4[[#This Row],[qty branch]]*15 -> 0 | O81: =Query4[[#This Row],[quantity]]-Query4[[#This Row],[qty branch x15]] -> 30
A82: 947 | B82: 261581 | C82: 10.21.76946A | D82: 7198762530+7198600430+72743034 | E82: 7 | F82: 4 | G82: 15 | H82: not passed | I82: not passed | J82: not passed | K82: passed | L82: orange | M82: 1 | N82: =Query4[[#This Row],[qty branch]]*15 -> 15 | O82: =Query4[[#This Row],[quantity]]-Query4[[#This Row],[qty branch x15]] -> 0
A83: 877 | B83: 261514 | C83: 10.21.80753C | D83: 7198277430+7198277530+72741954 | E83: 7 | F83: 1 | G83: 30 | H83: not passed | I83: not passed | J83: not passed | K83: passed | N83: =Query4[[#This Row],[qty branch]]*15 -> 0 | O83: =Query4[[#This Row],[quantity]]-Query4[[#This Row],[qty branch x15]] -> 30
A84: 860 | B84: 261497 | C84: 10.21.80751A | D84: 7119140530+7119140640+72741359 | E84: 7 | F84: 1 | G84: 30 | H84: not passed | I84: not passed | J84: not passed | K84: passed | N84: =Query4[[#This Row],[qty branch]]*15 -> 0 | O84: =Query4[[#This Row],[quantity]]-Query4[[#This Row],[qty branch x15]] -> 30
A85: 902 | B85: 261539 | C85: 10.21.83685A | D85: 7289808930+7274153930 | E85: 7 | F85: 1 | G85: 15 | H85: not passed | I85: not passed | J85: not passed | K85: passed | L85: orange | M85: 1 | N85: =Query4[[#This Row],[qty branch]]*15 -> 15 | O85: =Query4[[#This Row],[quantity]]-Query4[[#This Row],[qty branch x15]] -> 0
A86: 908 | B86: 261545 | C86: 10.21.39356 | D86: 7047305630 | E86: 25 | F86: 1 | G86: 15 | H86: not passed | I86: not passed | J86: not passed | K86: not passed | N86: =Query4[[#This Row],[qty branch]]*15 -> 0 | O86: =Query4[[#This Row],[quantity]]-Query4[[#This Row],[qty branch x15]] -> 15
A87: 875 | B87: 261512 | C87: 10.21.47047D | D87: 7189668330+7274136090A | E87: 7 | F87: 1 | G87: 15 | H87: not passed | I87: not passed | J87: not passed | K87: passed | N87: =Query4[[#This Row],[qty branch]]*15 -> 0 | O87: =Query4[[#This Row],[quantity]]-Query4[[#This Row],[qty branch x15]] -> 15
A88: 936 | B88: 261573 | C88: 10.21.77132A | D88: X1PO2003A | E88: 7 | F88: 1 | G88: 15 | H88: not passed | I88: not passed | J88: not passed | K88: passed | N88: =Query4[[#This Row],[qty branch]]*15 -> 0 | O88: =Query4[[#This Row],[quantity]]-Query4[[#This Row],[qty branch x15]] -> 15
A89: 926 | B89: 261563 | C89: 10.21.96697 | D89: 7252785330 | E89: 25 | F89: 1 | G89: 630 | H89: not passed | I89: not passed | J89: not passed | K89: not passed | N89: =Query4[[#This Row],[qty branch]]*15 -> 0 | O89: =Query4[[#This Row],[quantity]]-Query4[[#This Row],[qty branch x15]] -> 630
A90: 941 | B90: 261578 | C90: 10.21.83700A | D90: 7047275330 | E90: 25 | F90: 1 | G90: 30 | H90: not passed | I90: not passed | J90: not passed | K90: passed | L90: orange | M90: 1 | N90: =Query4[[#This Row],[qty branch]]*15 -> 15 | O90: =Query4[[#This Row],[quantity]]-Query4[[#This Row],[qty branch x15]] -> 15
A91: 932 | B91: 261569 | C91: 10.21.80734A | D91: 71979512 | E91: 7 | F91: 1 | G91: 15 | H91: not passed | I91: not passed | J91: not passed | K91: passed | N91: =Query4[[#This Row],[qty branch]]*15 -> 0 | O91: =Query4[[#This Row],[quantity]]-Query4[[#This Row],[qty branch x15]] -> 15
A92: 866 | B92: 261503 | C92: 10.21.73050A | D92: 7119670830+7274290770A | E92: 7 | F92: 1 | G92: 30 | H92: not passed | I92: not passed | J92: not passed | K92: passed | N92: =Query4[[#This Row],[qty branch]]*15 -> 0 | O92: =Query4[[#This Row],[quantity]]-Query4[[#This Row],[qty branch x15]] -> 30
A93: 868 | B93: 261505 | C93: 10.21.72974A | D93: 7183288530+7183288630+72742612A | E93: 7 | F93: 1 | G93: 15 | H93: not passed | I93: not passed | J93: not passed | K93: passed | L93: pink | M93: 1 | N93: =Query4[[#This Row],[qty branch]]*15 -> 15 | O93: =Query4[[#This Row],[quantity]]-Query4[[#This Row],[qty branch x15]] -> 0
A94: 900 | B94: 261537 | C94: 10.21.77159A | D94: X1PO2539 | E94: 7 | F94: 1 | G94: 15 | H94: not passed | I94: not passed | J94: not passed | K94: passed | N94: =Query4[[#This Row],[qty branch]]*15 -> 0 | O94: =Query4[[#This Row],[quantity]]-Query4[[#This Row],[qty branch x15]] -> 15
A95: 867 | B95: 261504 | C95: 10.21.80748A | D95: 71196714 | E95: 7 | F95: 1 | G95: 30 | H95: not passed | I95: not passed | J95: not passed | K95: passed | L95: pink | M95: 1 | N95: =Query4[[#This Row],[qty branch]]*15 -> 15 | O95: =Query4[[#This Row],[quantity]]-Query4[[#This Row],[qty branch x15]] -> 15 | P95: up
A96: 939 | B96: 261576 | C96: 10.21.73052A | D96: 7198913290+7189662430 | E96: 7 | F96: 1 | G96: 15 | H96: not passed | I96: not passed | J96: not passed | K96: passed | N96: =Query4[[#This Row],[qty branch]]*15 -> 0 | O96: =Query4[[#This Row],[quantity]]-Query4[[#This Row],[qty branch x15]] -> 15
A97: 888 | B97: 261525 | C97: 10.21.76987A | D97: 72897304 | E97: 7 | F97: 1 | G97: 30 | H97: not passed | I97: not passed | J97: not passed | K97: passed | N97: =Query4[[#This Row],[qty branch]]*15 -> 0 | O97: =Query4[[#This Row],[quantity]]-Query4[[#This Row],[qty branch x15]] -> 30

Sheet 11 jb rest view
A1: job_order_id | B1: job_order_number | C1: ma_number | D1: name | E1: type_id | F1: batch_id | G1: quantity | H1: cut | I1: cnc | J1: assembly | K1: qc
A2: 1035 | B2: 261720 | C2: 10.21.72968A | D2: 7075236930 | E2: 7 | F2: 7 | G2: 1 | H2: not passed | I2: not passed | J2: not passed | K2: not passed
A3: 1036 | B3: 261721 | C3: 10.21.80751A | D3: 7119140530+7119140640+72741359 | E3: 7 | F3: 7 | G3: 1 | H3: not passed | I3: not passed | J3: not passed | K3: not passed
A4: 1037 | B4: 261722 | C4: 10.21.35003A | D4: 71191993 | E4: 7 | F4: 7 | G4: 2 | H4: not passed | I4: not passed | J4: not passed | K4: not passed
A5: 1038 | B5: 261723 | C5: 10.21.77073A | D5: 71196180 | E5: 7 | F5: 7 | G5: 1 | H5: not passed | I5: not passed | J5: not passed | K5: not passed
A6: 1039 | B6: 261724 | C6: 10.21.47236A | D6: 71196506 | E6: 7 | F6: 7 | G6: 1 | H6: not passed | I6: not passed | J6: not passed | K6: not passed
A7: 1040 | B7: 261725 | C7: 10.21.73078A | D7: 72988085 | E7: 7 | F7: 7 | G7: 1 | H7: not passed | I7: not passed | J7: not passed | K7: not passed
A8: 1041 | B8: 261726 | C8: 10.21.73076A | D8: ASSY_AMZ005000F/ASSY_AMZ005DC0F | E8: 7 | F8: 7 | G8: 1 | H8: not passed | I8: not passed | J8: not passed | K8: not passed
A9: 1042 | B9: 261727 | C9: 10.21.77089A | D9: ASSY_D4K2RE1D5A5BDC/ASSY_D4K2RE1D5A5B | E9: 7 | F9: 7 | G9: 1 | H9: not passed | I9: not passed | J9: not passed | K9: not passed

Sheet engine progress
A1: job_order_id | B1: job_order_number | C1: ma_number | D1: name | E1: type_id | F1: batch_id | G1: quantity | H1: cut | I1: cnc | J1: assembly | K1: qc
A2: 1050 | B2: 261763 | C2: 10.21.96697 | D2: 7252785330 | E2: 25 | F2: 8 | G2: 1 | H2: not passed | I2: not passed | J2: not passed | K2: passed
A3: 1079 | B3: 261792 | C3: 10.21.76979B | D3: 7298949030 | E3: 7 | F3: 8 | G3: 1 | H3: not passed | I3: not passed | J3: not passed | K3: passed
A4: 1077 | B4: 261790 | C4: 10.21.76963A | D4: 7298913330 | E4: 7 | F4: 8 | G4: 1 | H4: not passed | I4: not passed | J4: not passed | K4: passed
A5: 1072 | B5: 261785 | C5: 10.21.80759A | D5: 7289734390 | E5: 7 | F5: 8 | G5: 4 | H5: not passed | I5: not passed | J5: not passed | K5: passed
A6: 1090 | B6: 261803 | C6: 10.21.77174A | D6: 7035990430 | E6: 7 | F6: 8 | G6: 1 | H6: not passed | I6: not passed | J6: not passed | K6: passed
A7: 1052 | B7: 261765 | C7: 10.21.28341A | D7: 7003293002 | E7: 7 | F7: 8 | G7: 2 | H7: not passed | I7: not passed | J7: not passed | K7: passed
A8: 1065 | B8: 261778 | C8: 10.21.47366B | D8: 7219652330 | E8: 7 | F8: 8 | G8: 1 | H8: not passed | I8: not passed | J8: not passed | K8: passed
A9: 1091 | B9: 261804 | C9: 10.21.83697A | D9: 7298947030+7172174830 | E9: 7 | F9: 8 | G9: 1 | H9: not passed | I9: not passed | J9: not passed | K9: passed
A10: 1082 | B10: 261795 | C10: 10.21.42430A | D10: 7003292202 | E10: 7 | F10: 8 | G10: 1 | H10: not passed | I10: not passed | J10: not passed | K10: passed
A11: 1081 | B11: 261794 | C11: 10.21.77186A | D11: ASSY_59Z163003F/ASSY_59Z163DC0F | E11: 7 | F11: 8 | G11: 1 | H11: not passed | I11: not passed | J11: not passed | K11: passed
A12: 1053 | B12: 261766 | C12: 10.21.83799A | D12: 7003789102 | E12: 7 | F12: 8 | G12: 1 | H12: not passed | I12: not passed | J12: not passed | K12: passed
A13: 1054 | B13: 261767 | C13: 10.21.83616A | D13: 7003803702 | E13: 7 | F13: 8 | G13: 2 | H13: not passed | I13: not passed | J13: not passed | K13: passed
... A49: 1066 | B49: 261779 | C49: 10.21.49811L | D49: 7289059730 | E49: 7 | F49: 8 | G49: 1 | H49: not passed | I49: not passed | J49: not passed | K49: passed
